わたし	私	1000
かれ	彼	700
かのじょ	彼女	680
ひと	人	1000
おとこ	男	800
おんな	女	800
こども	子供	900
おとな	大人	700
ともだち	友達	800
かぞく	家族	800
ちち	父	700
はは	母	700
あに	兄	600
あね	姉	600
おとうと	弟	600
いもうと	妹	600
そふ	祖父	400
そぼ	祖母	400
むすこ	息子	500
むすめ	娘	500
つま	妻	500
おっと	夫	500
あかちゃん	赤ちゃん	400
せんせい	先生	900
がくせい	学生	800
せいと	生徒	500
じぶん	自分	800
あいて	相手	500
ほんにん	本人	250
たにん	他人	300
だんせい	男性	550
じょせい	女性	550
わかもの	若者	300
おとしより	お年寄り	200
みんな	皆	700
みな	皆	400
なかま	仲間	400
こいびと	恋人	400
しりあい	知り合い	300
きゃく	客	400
おきゃくさん	お客さん	400
いしゃ	医者	500
かんごし	看護師	250
てんいん	店員	400
うんてんしゅ	運転手	300
せいじか	政治家	200
がか	画家	200
かしゅ	歌手	300
はいゆう	俳優	300
せんしゅ	選手	400
さっか	作家	300
こうむいん	公務員	250
しゃちょう	社長	400
ぶちょう	部長	300
かちょう	課長	300
どうりょう	同僚	250
かいしゃいん	会社員	300
のうか	農家	200
じかん	時間	900
とき	時	850
じ	時	600
ひ	日	800
ひび	日々	300
あさ	朝	800
ひる	昼	750
よる	夜	800
ゆうがた	夕方	400
ばん	晩	400
きょう	今日	1000
あした	明日	950
あす	明日	400
きのう	昨日	950
おととい	一昨日	250
あさって	明後日	250
こんばん	今晩	400
こんや	今夜	400
けさ	今朝	400
まいにち	毎日	800
まいあさ	毎朝	300
まいばん	毎晩	300
こんしゅう	今週	500
らいしゅう	来週	500
せんしゅう	先週	500
しゅうまつ	週末	400
つき	月	700
こんげつ	今月	500
らいげつ	来月	500
せんげつ	先月	500
とし	年	800
ことし	今年	600
らいねん	来年	600
きょねん	去年	600
まいとし	毎年	300
はる	春	700
なつ	夏	700
あき	秋	700
ふゆ	冬	700
きせつ	季節	400
たんじょうび	誕生日	450
しゅうかん	週間	300
げつようび	月曜日	500
かようび	火曜日	500
すいようび	水曜日	500
もくようび	木曜日	500
きんようび	金曜日	500
どようび	土曜日	500
にちようび	日曜日	500
じだい	時代	400
みらい	未来	400
かこ	過去	400
げんざい	現在	400
しょうらい	将来	400
よてい	予定	500
つごう	都合	400
さいご	最後	600
さいしょ	最初	600
とちゅう	途中	400
おわり	終わり	500
さいきん	最近	500
つぎ	次	700
びょう	秒	400
ふん	分	500
せいき	世紀	200
きかん	期間	300
じゅんばん	順番	300
いち	一	900
に	二	900
さん	三	900
し	四	500
よん	四	700
ご	五	900
ろく	六	900
しち	七	500
なな	七	700
はち	八	900
きゅう	九	700
じゅう	十	900
ひゃく	百	800
せん	千	800
まん	万	800
おく	億	400
はんぶん	半分	500
ぜんぶ	全部	600
いちばん	一番	700
そら	空	800
くも	雲	500
あめ	雨	800
ゆき	雪	700
かぜ	風	700
たいよう	太陽	500
ほし	星	600
うみ	海	800
やま	山	800
かわ	川	700
みずうみ	湖	300
いけ	池	300
もり	森	500
はやし	林	300
き	木	800
はな	花	800
くさ	草	400
は	葉	300
いし	石	400
つち	土	400
すな	砂	300
ひ	火	600
みず	水	900
こおり	氷	400
しぜん	自然	500
てんき	天気	700
きおん	気温	300
たいふう	台風	400
じしん	地震	500
かみなり	雷	400
にじ	虹	300
しま	島	400
なみ	波	300
たき	滝	200
たに	谷	200
おか	丘	200
はたけ	畑	300
ちきゅう	地球	400
うちゅう	宇宙	400
くうき	空気	500
かんきょう	環境	400
どうぶつ	動物	600
いぬ	犬	800
ねこ	猫	800
とり	鳥	700
さかな	魚	800
むし	虫	500
うま	馬	500
うし	牛	500
ぶた	豚	500
ひつじ	羊	300
とら	虎	300
ぞう	象	300
さる	猿	300
くま	熊	300
しか	鹿	250
きつね	狐	200
へび	蛇	250
かえる	蛙	250
かめ	亀	200
くじら	鯨	250
えび	海老	200
かに	蟹	200
はち	蜂	250
ちょう	蝶	200
か	蚊	200
あり	蟻	150
ね	根	250
えだ	枝	250
たね	種	300
み	実	300
まめ	豆	300
こめ	米	500
むぎ	麦	250
いね	稲	200
いと	糸	300
ぬの	布	300
かわ	皮	250
かわ	革	200
からだ	体	800
あたま	頭	800
かお	顔	800
め	目	800
みみ	耳	600
はな	鼻	600
くち	口	700
は	歯	500
した	舌	300
くび	首	500
かた	肩	400
て	手	900
ゆび	指	500
あし	足	800
ひざ	膝	300
むね	胸	400
はら	腹	400
おなか	お腹	400
せなか	背中	400
こころ	心	700
ち	血	400
ほね	骨	300
ひふ	皮膚	300
のう	脳	300
こえ	声	700
かみ	髪	500
かみ	神	450
つめ	爪	200
のど	喉	300
ちから	力	700
たべもの	食べ物	700
のみもの	飲み物	600
ごはん	ご飯	800
あさごはん	朝ご飯	400
ひるごはん	昼ご飯	400
ばんごはん	晩ご飯	400
おちゃ	お茶	600
にく	肉	700
ぎゅうにく	牛肉	400
とりにく	鶏肉	380
ぶたにく	豚肉	380
たまご	卵	600
やさい	野菜	600
くだもの	果物	500
りんご	林檎	380
しお	塩	500
さとう	砂糖	500
あぶら	油	400
しょうゆ	醤油	300
みそ	味噌	300
あじ	味	600
りょうり	料理	700
しょくじ	食事	600
おかし	お菓子	400
かし	菓子	300
あめ	飴	300
はし	箸	400
さら	皿	400
なべ	鍋	300
いえ	家	900
うち	家	700
へや	部屋	700
まど	窓	500
と	戸	300
かべ	壁	400
ゆか	床	400
てんじょう	天井	250
かいだん	階段	400
だいどころ	台所	400
ふろ	風呂	400
おふろ	お風呂	400
にわ	庭	500
もん	門	300
いす	椅子	500
つくえ	机	500
ほん	本	900
ざっし	雑誌	400
しんぶん	新聞	600
かみ	紙	600
えんぴつ	鉛筆	400
とけい	時計	600
でんわ	電話	700
れいぞうこ	冷蔵庫	300
せんたくき	洗濯機	250
かさ	傘	500
かばん	鞄	400
さいふ	財布	400
めがね	眼鏡	400
ふく	服	600
ようふく	洋服	300
くつ	靴	600
くつした	靴下	300
ぼうし	帽子	400
かぎ	鍵	400
はこ	箱	400
どうぐ	道具	400
ざいりょう	材料	300
せいひん	製品	300
でんき	電気	600
けいたい	携帯	400
くるま	車	800
でんしゃ	電車	700
ちかてつ	地下鉄	400
じてんしゃ	自転車	500
ひこうき	飛行機	600
ふね	船	500
えき	駅	700
くうこう	空港	400
みち	道	700
どうろ	道路	400
はし	橋	400
しんごう	信号	300
こうさてん	交差点	250
ちず	地図	400
きっぷ	切符	400
せき	席	400
よやく	予約	400
ところ	所	700
ばしょ	場所	600
まち	町	700
むら	村	400
し	市	400
けん	県	400
くに	国	800
せかい	世界	700
とかい	都会	300
いなか	田舎	300
がっこう	学校	900
だいがく	大学	700
びょういん	病院	600
ぎんこう	銀行	600
ゆうびんきょく	郵便局	400
としょかん	図書館	500
こうえん	公園	600
えいがかん	映画館	300
びじゅつかん	美術館	300
はくぶつかん	博物館	300
じんじゃ	神社	400
てら	寺	400
きょうかい	教会	300
みせ	店	700
ほんや	本屋	400
かいしゃ	会社	800
こうじょう	工場	400
じむしょ	事務所	300
がいこく	外国	500
がいこくじん	外国人	300
しゅと	首都	250
ちほう	地方	300
とし	都市	300
じんこう	人口	300
しごと	仕事	800
しゃかい	社会	600
せいじ	政治	500
けいざい	経済	500
ぶんか	文化	500
れきし	歴史	600
かがく	科学	500
すうがく	数学	400
りか	理科	300
こくご	国語	300
えいご	英語	700
にほんご	日本語	700
にほん	日本	1000
ことば	言葉	700
もじ	文字	400
ぶんしょう	文章	400
いみ	意味	700
しつもん	質問	600
こたえ	答え	600
もんだい	問題	700
せいかつ	生活	600
じんせい	人生	500
かいぎ	会議	500
やくそく	約束	500
じゅんび	準備	500
けいかく	計画	500
ほうほう	方法	500
りゆう	理由	600
けっか	結果	500
げんいん	原因	400
もくてき	目的	400
きかい	機会	400
きかい	機械	400
じょうほう	情報	500
おかね	お金	800
かね	金	500
ねだん	値段	500
かかく	価格	300
しょうひん	商品	400
けいさつ	警察	400
ほうりつ	法律	300
せんそう	戦争	400
へいわ	平和	400
じゆう	自由	500
けんり	権利	300
こと	事	800
もの	物	800
ばあい	場合	500
ぶぶん	部分	400
ようす	様子	300
かたち	形	500
おと	音	600
におい	匂い	400
しゅるい	種類	400
かず	数	500
りょう	量	300
すべて	全て	400
ちがい	違い	400
あい	愛	500
こい	恋	400
ゆめ	夢	500
きぼう	希望	400
しんぱい	心配	500
あんしん	安心	400
きもち	気持ち	600
きぶん	気分	500
かんじ	感じ	400
きょうみ	興味	500
かんがえ	考え	400
いけん	意見	500
けいけん	経験	500
ちしき	知識	400
のうりょく	能力	300
せいこう	成功	400
しっぱい	失敗	500
どりょく	努力	400
もくひょう	目標	400
ゆうき	勇気	300
せきにん	責任	300
しゅうかん	習慣	300
きげん	期限	200
しゅみ	趣味	500
なまえ	名前	800
てがみ	手紙	500
じゅうしょ	住所	400
ばんごう	番号	400
かいわ	会話	400
せつめい	説明	500
れんらく	連絡	500
へんじ	返事	400
あいさつ	挨拶	400
はなし	話	700
じゅぎょう	授業	500
しゅくだい	宿題	500
しけん	試験	500
せいせき	成績	300
べんきょう	勉強	700
けんきゅう	研究	500
せんもん	専門	300
そつぎょう	卒業	400
にゅうがく	入学	300
きょうしつ	教室	400
ちり	地理	300
ぶつり	物理	300
かがく	化学	400
せいぶつ	生物	300
びじゅつ	美術	300
たいいく	体育	300
おんがく	音楽	700
うた	歌	600
え	絵	500
えいが	映画	700
しょうせつ	小説	400
ものがたり	物語	400
しゃしん	写真	600
びょうき	病気	600
けが	怪我	400
かぜ	風邪	500
ねつ	熱	500
くすり	薬	600
けんこう	健康	500
なみだ	涙	400
えがお	笑顔	400
けっこん	結婚	500
りこん	離婚	200
きんじょ	近所	300
ちじん	知人	200
しゅうにゅう	収入	250
ぜいきん	税金	250
うえ	上	800
した	下	800
なか	中	800
そと	外	700
まえ	前	800
うしろ	後ろ	700
あと	後	700
みぎ	右	700
ひだり	左	700
ひがし	東	600
にし	西	600
みなみ	南	600
きた	北	600
となり	隣	500
そば	側	400
ちかく	近く	500
とおく	遠く	400
あいだ	間	600
よこ	横	500
たて	縦	300
かた	方	500
ほう	方	500
がわ	側	300
いろ	色	700
あか	赤	600
あお	青	600
しろ	白	600
くろ	黒	600
きいろ	黄色	600
みどり	緑	500
ちゃいろ	茶色	400
むらさき	紫	400
はいいろ	灰色	300
いく	行く	900
くる	来る	900
かえる	帰る	800
かえる	変える	500
たべる	食べる	900
のむ	飲む	800
みる	見る	900
きく	聞く	800
はなす	話す	800
いう	言う	900
よむ	読む	800
かく	書く	800
おもう	思う	900
しる	知る	800
わかる	分かる	800
できる	出来る	700
なる	成る	500
もつ	持つ	700
とる	取る	700
おく	置く	500
つくる	作る	700
つかう	使う	700
あう	会う	700
まつ	待つ	700
あるく	歩く	700
はしる	走る	700
たつ	立つ	700
すわる	座る	600
ねる	寝る	700
おきる	起きる	700
はたらく	働く	700
やすむ	休む	700
あそぶ	遊ぶ	700
ならう	習う	500
おしえる	教える	700
おぼえる	覚える	600
わすれる	忘れる	600
かんがえる	考える	700
しらべる	調べる	500
さがす	探す	500
みつける	見つける	500
かう	買う	800
うる	売る	600
はらう	払う	500
かす	貸す	400
かりる	借りる	400
おくる	送る	500
もらう	貰う	500
あげる	上げる	500
あける	開ける	600
しめる	閉める	600
あく	開く	500
しまる	閉まる	500
はじまる	始まる	600
はじめる	始める	600
おわる	終わる	600
つづける	続ける	500
つづく	続く	500
とまる	止まる	500
とめる	止める	500
うごく	動く	500
はこぶ	運ぶ	400
おくれる	遅れる	400
でる	出る	700
はいる	入る	700
のぼる	登る	400
おりる	降りる	400
のる	乗る	600
わたる	渡る	400
とおる	通る	400
まがる	曲がる	400
むかう	向かう	400
つく	着く	500
つく	付く	400
とどく	届く	400
かえす	返す	400
わたす	渡す	400
うける	受ける	500
こたえる	答える	500
たずねる	尋ねる	300
よぶ	呼ぶ	500
なく	泣く	500
なく	鳴く	300
わらう	笑う	600
おこる	怒る	500
よろこぶ	喜ぶ	400
かなしむ	悲しむ	300
おどろく	驚く	400
しんじる	信じる	400
きめる	決める	500
えらぶ	選ぶ	500
くらべる	比べる	400
かわる	変わる	500
そだてる	育てる	400
そだつ	育つ	300
うまれる	生まれる	600
しぬ	死ぬ	500
いきる	生きる	600
ころす	殺す	300
たすける	助ける	500
まもる	守る	400
たたかう	戦う	400
かつ	勝つ	500
まける	負ける	500
あらう	洗う	500
きる	切る	500
きる	着る	500
ぬぐ	脱ぐ	300
はく	履く	300
ふる	降る	500
はれる	晴れる	400
くもる	曇る	300
ひかる	光る	300
きえる	消える	400
けす	消す	400
つける	付ける	400
もえる	燃える	300
こわす	壊す	300
こわれる	壊れる	300
なおす	直す	400
なおる	治る	300
いたむ	痛む	300
つかれる	疲れる	500
なれる	慣れる	400
ふとる	太る	300
やせる	痩せる	300
のびる	伸びる	300
ふえる	増える	400
へる	減る	400
あがる	上がる	500
さがる	下がる	400
おちる	落ちる	500
おとす	落とす	400
なげる	投げる	400
うつ	打つ	400
おす	押す	500
ひく	引く	500
まわす	回す	300
まわる	回る	300
ながれる	流れる	400
ながす	流す	300
あつめる	集める	400
あつまる	集まる	400
ならぶ	並ぶ	400
ならべる	並べる	300
わける	分ける	400
わかれる	別れる	400
あわせる	合わせる	400
あう	合う	400
むすぶ	結ぶ	300
とく	解く	300
とける	溶ける	300
まぜる	混ぜる	300
でかける	出かける	500
むかえる	迎える	400
てつだう	手伝う	500
あやまる	謝る	400
ほめる	褒める	300
しかる	叱る	300
たのむ	頼む	500
ことわる	断る	400
くらす	暮らす	400
すむ	住む	600
とまる	泊まる	400
ひっこす	引っ越す	300
かたづける	片付ける	400
つたえる	伝える	500
しらせる	知らせる	300
かわく	乾く	250
ぬれる	濡れる	300
こむ	込む	300
すく	空く	300
たりる	足りる	400
あまる	余る	300
のこる	残る	400
のこす	残す	300
すすむ	進む	400
もどる	戻る	500
もどす	戻す	300
あらわす	表す	250
あらわれる	現れる	300
しめす	示す	300
くわえる	加える	300
ふくむ	含む	300
のぞむ	望む	300
もとめる	求める	400
あたえる	与える	300
うしなう	失う	300
える	得る	300
ふやす	増やす	300
へらす	減らす	300
たしかめる	確かめる	250
みとめる	認める	300
ゆるす	許す	400
こまる	困る	500
なやむ	悩む	300
まよう	迷う	400
ふるえる	震える	200
きたえる	鍛える	200
とぶ	飛ぶ	400
およぐ	泳ぐ	400
おどる	踊る	300
うたう	歌う	500
ひく	弾く	300
ふく	吹く	300
さけぶ	叫ぶ	300
だまる	黙る	300
おおきい	大きい	900
ちいさい	小さい	900
たかい	高い	900
ひくい	低い	700
やすい	安い	800
おおい	多い	800
すくない	少ない	700
ながい	長い	800
みじかい	短い	700
ひろい	広い	700
せまい	狭い	600
ふとい	太い	500
ほそい	細い	500
あつい	暑い	700
さむい	寒い	700
あつい	熱い	600
つめたい	冷たい	600
あたたかい	暖かい	600
すずしい	涼しい	500
あかるい	明るい	700
くらい	暗い	600
あたらしい	新しい	800
ふるい	古い	700
わかい	若い	600
はやい	早い	700
はやい	速い	600
おそい	遅い	600
ちかい	近い	700
とおい	遠い	700
つよい	強い	800
よわい	弱い	600
おもい	重い	700
かるい	軽い	600
かたい	硬い	400
やわらかい	柔らかい	400
あまい	甘い	600
からい	辛い	500
にがい	苦い	400
すっぱい	酸っぱい	300
おいしい	美味しい	700
うつくしい	美しい	600
きたない	汚い	500
うれしい	嬉しい	600
かなしい	悲しい	600
たのしい	楽しい	700
さびしい	寂しい	400
こわい	怖い	500
いたい	痛い	600
ほしい	欲しい	700
いそがしい	忙しい	600
ただしい	正しい	600
わるい	悪い	800
よい	良い	800
いい	良い	800
むずかしい	難しい	700
やさしい	優しい	600
やさしい	易しい	400
おもしろい	面白い	700
きびしい	厳しい	500
めずらしい	珍しい	400
くわしい	詳しい	400
こまかい	細かい	400
ふかい	深い	500
あさい	浅い	300
まるい	丸い	400
するどい	鋭い	300
あかい	赤い	700
あおい	青い	700
しろい	白い	700
くろい	黒い	700
きいろい	黄色い	500
しずか	静か	600
にぎやか	賑やか	400
きれい	綺麗	500
ゆうめい	有名	600
しんせつ	親切	500
べんり	便利	600
ふべん	不便	400
げんき	元気	700
じょうぶ	丈夫	400
だいじょうぶ	大丈夫	700
たいへん	大変	600
じょうず	上手	600
へた	下手	500
すき	好き	800
きらい	嫌い	700
だいすき	大好き	600
いや	嫌	500
ひま	暇	500
たいせつ	大切	600
ひつよう	必要	600
じゅうよう	重要	500
だいじ	大事	500
あんぜん	安全	500
きけん	危険	500
かんたん	簡単	600
ふくざつ	複雑	400
しあわせ	幸せ	500
ふしぎ	不思議	400
ざんねん	残念	500
とくべつ	特別	500
ふつう	普通	600
しょうじき	正直	300
まじめ	真面目	400
ゆたか	豊か	300
おなじ	同じ	800
いろいろ	色々	500
じゅうぶん	十分	500
すてき	素敵	400
りっぱ	立派	300
じゃま	邪魔	300
むだ	無駄	400
とくい	得意	400
にがて	苦手	400
へいき	平気	300
さいこう	最高	500
さいてい	最低	300
たくさん	沢山	500
すこし	少し	700
ほんとう	本当	700
ぜひ	是非	400
たぶん	多分	500
ぜったい	絶対	500
いっしょ	一緒	700
ほか	他	600
ぜんぜん	全然	500
ときどき	時々	400
ぜんたい	全体	300
やきゅう	野球	500
すいえい	水泳	300
りょこう	旅行	600
さんぽ	散歩	400
かいもの	買い物	600
せんたく	洗濯	300
そうじ	掃除	300
たてもの	建物	400
いりぐち	入口	400
でぐち	出口	400
うけつけ	受付	300
かい	階	300
ちか	地下	250
ひろば	広場	200
やすみ	休み	500
きゅうじつ	休日	250
へいじつ	平日	200
よなか	夜中	250
ひるま	昼間	250
ちゅうもん	注文	350
しょうかい	紹介	400
しゅっぱつ	出発	350
とうちゃく	到着	300
さんか	参加	350
はっぴょう	発表	300
はっけん	発見	250
りよう	利用	400
しよう	使用	300
まんぞく	満足	300
きんちょう	緊張	250
せいかく	性格	300
たいど	態度	200
たいちょう	体調	250
おゆ	お湯	400
さけ	酒	500
おさけ	お酒	500
ぎゅうにゅう	牛乳	400
ちゃ	茶	300
だいこん	大根	300
もも	桃	250
なし	梨	200
すてる	捨てる	400
ひろう	拾う	300
かざる	飾る	250
つつむ	包む	250
わる	割る	250
われる	割れる	200
おる	折る	200
おれる	折れる	200
のばす	伸ばす	200
ねむる	眠る	400
つらい	辛い	400
えらい	偉い	300
かしこい	賢い	300
ねむい	眠い	400
にほん	日本	1000
とうきょう	東京	1000
おおさか	大阪	950
きょうと	京都	920
なごや	名古屋	860
よこはま	横浜	860
こうべ	神戸	780
さっぽろ	札幌	780
ふくおか	福岡	800
せんだい	仙台	680
ひろしま	広島	760
なら	奈良	680
さいたま	埼玉	700
ちば	千葉	720
かながわ	神奈川	700
ほっかいどう	北海道	760
おきなわ	沖縄	760
きゅうしゅう	九州	640
しこく	四国	560
ほんしゅう	本州	540
しずおか	静岡	600
にいがた	新潟	580
ながの	長野	580
ぐんま	群馬	520
とちぎ	栃木	500
いばらき	茨城	520
やまなし	山梨	500
ぎふ	岐阜	520
みえ	三重	520
しが	滋賀	500
ひょうご	兵庫	620
わかやま	和歌山	500
おかやま	岡山	600
やまぐち	山口	520
しまね	島根	480
とっとり	鳥取	480
とくしま	徳島	480
かがわ	香川	500
えひめ	愛媛	500
こうち	高知	480
さが	佐賀	480
ながさき	長崎	600
くまもと	熊本	600
おおいた	大分	520
みやざき	宮崎	520
かごしま	鹿児島	600
あおもり	青森	520
いわて	岩手	500
みやぎ	宮城	520
あきた	秋田	520
やまがた	山形	500
ふくしま	福島	600
とやま	富山	500
いしかわ	石川	520
ふくい	福井	480
あいち	愛知	620
ふじさん	富士山	680
ふじ	富士	560
しぶや	渋谷	560
しんじゅく	新宿	560
ぎんざ	銀座	520
あさくさ	浅草	500
うえの	上野	500
しながわ	品川	480
いけぶくろ	池袋	500
あきはばら	秋葉原	520
なりた	成田	480
はねだ	羽田	480
ちゅうごく	中国	680
かんこく	韓国	660
たいわん	台湾	560
ほんこん	香港	520
えいこく	英国	480
べいこく	米国	480
せかい	世界	840
ひとつ	一つ	900
ふたつ	二つ	860
みっつ	三つ	820
よっつ	四つ	780
いつつ	五つ	760
むっつ	六つ	700
ななつ	七つ	700
やっつ	八つ	680
ここのつ	九つ	640
とお	十	700
ひとり	一人	900
ふたり	二人	860
さんにん	三人	760
よにん	四人	700
ごにん	五人	680
いちにち	一日	800
ふつか	二日	700
みっか	三日	700
よっか	四日	680
いつか	五日	680
むいか	六日	640
なのか	七日	640
ようか	八日	620
ここのか	九日	600
とおか	十日	620
はつか	二十日	560
いっかい	一回	720
にかい	二回	660
さんかい	三回	620
いっぽん	一本	700
にほん	二本	620
さんぼん	三本	600
いちまい	一枚	680
にまい	二枚	620
いっさつ	一冊	620
いっぴき	一匹	600
いっぱい	一杯	680
いっこ	一個	680
いちだい	一台	640
いっさい	一歳	600
いちばん	一番	820
いっかい	一階	680
いちねん	一年	760
いちじ	一時	720
いっぷん	一分	680
いちびょう	一秒	640
いちえん	一円	620
いちど	一度	760
いっしょ	一緒	800
ひゃく	百	800
せん	千	780
まん	万	760
おく	億	600
いっかげつ	一か月	600
たべる	食べる	900
のむ	飲む	880
いく	行く	950
くる	来る	920
みる	見る	930
きく	聞く	880
はなす	話す	880
よむ	読む	860
かく	書く	860
かう	買う	860
うる	売る	760
つくる	作る	860
つかう	使う	860
もつ	持つ	840
まつ	待つ	840
たつ	立つ	800
すわる	座る	800
あるく	歩く	820
はしる	走る	800
およぐ	泳ぐ	720
とぶ	飛ぶ	720
のる	乗る	820
おりる	降りる	760
はいる	入る	840
でる	出る	860
かえる	帰る	860
つく	着く	760
しる	知る	860
おもう	思う	900
かんがえる	考える	820
わかる	分かる	880
おしえる	教える	820
ならう	習う	720
おぼえる	覚える	780
わすれる	忘れる	780
はじめる	始める	800
はじまる	始まる	780
おわる	終わる	820
つづける	続ける	760
とまる	止まる	760
とめる	止める	760
あける	開ける	780
しめる	閉める	760
とじる	閉じる	720
つける	付ける	760
けす	消す	760
かえす	返す	740
かす	貸す	720
かりる	借りる	740
はらう	払う	760
おくる	送る	800
とどく	届く	720
わたる	渡る	720
わたす	渡す	700
えらぶ	選ぶ	760
きめる	決める	800
きまる	決まる	760
かえる	変える	780
かわる	変わる	780
ふえる	増える	740
へる	減る	720
あがる	上がる	780
さがる	下がる	740
あげる	上げる	800
さげる	下げる	720
おちる	落ちる	760
おとす	落とす	740
なげる	投げる	720
うつ	打つ	740
おす	押す	740
ひく	引く	760
とる	取る	840
ひろう	拾う	700
すてる	捨てる	720
おく	置く	780
ならぶ	並ぶ	720
ならべる	並べる	700
あつめる	集める	740
あつまる	集まる	740
かぞえる	数える	700
くらべる	比べる	720
しらべる	調べる	760
さがす	探す	760
みつける	見つける	760
みつかる	見つかる	720
たすける	助ける	740
てつだう	手伝う	740
はたらく	働く	820
やすむ	休む	780
あそぶ	遊ぶ	780
わらう	笑う	760
なく	泣く	720
おこる	怒る	720
よろこぶ	喜ぶ	720
おどろく	驚く	720
こまる	困る	760
つかれる	疲れる	760
ねむる	眠る	720
ねる	寝る	800
おきる	起きる	800
おこす	起こす	700
すむ	住む	780
しぬ	死ぬ	760
いきる	生きる	760
うまれる	生まれる	780
そだてる	育てる	720
そだつ	育つ	680
うむ	産む	680
あらう	洗う	740
きる	切る	780
やく	焼く	720
ゆでる	茹でる	620
にる	煮る	660
まぜる	混ぜる	680
つつむ	包む	680
はこぶ	運ぶ	740
くむ	組む	680
たてる	建てる	720
こわす	壊す	700
こわれる	壊れる	700
なおす	直す	740
なおる	治る	720
まもる	守る	740
せめる	攻める	640
たたかう	戦う	700
かつ	勝つ	760
まける	負ける	740
つづく	続く	780
すすむ	進む	760
もどる	戻る	780
まよう	迷う	700
であう	出会う	720
あう	会う	840
わかれる	別れる	720
つきあう	付き合う	700
あいする	愛する	680
このむ	好む	640
きらう	嫌う	660
しんじる	信じる	720
うたがう	疑う	660
ねがう	願う	700
いのる	祈る	680
たのむ	頼む	760
ことわる	断る	680
ゆるす	許す	700
あやまる	謝る	680
かんじる	感じる	760
こむ	込む	680
すく	空く	680
かわく	渇く	620
ぬれる	濡れる	640
ひえる	冷える	680
ひやす	冷やす	640
あたためる	温める	660
わく	沸く	640
わかす	沸かす	640
ながれる	流れる	720
ながす	流す	680
うく	浮く	640
しずむ	沈む	660
ひかる	光る	700
かがやく	輝く	680
もえる	燃える	680
こおる	凍る	640
とける	溶ける	660
われる	割れる	660
おる	折る	680
まがる	曲がる	720
まげる	曲げる	660
のびる	伸びる	700
のばす	伸ばす	680
ちぢむ	縮む	620
まわる	回る	720
まわす	回す	680
ころがる	転がる	640
ころぶ	転ぶ	680
すべる	滑る	680
はねる	跳ねる	620
ゆれる	揺れる	680
ふる	振る	720
にぎる	握る	680
つかむ	掴む	680
さわる	触る	700
ふれる	触れる	700
たたく	叩く	680
ける	蹴る	660
だく	抱く	660
かかえる	抱える	660
せおう	背負う	620
かつぐ	担ぐ	600
うごく	動く	800
うごかす	動かす	720
なる	鳴る	720
ならす	鳴らす	660
さく	咲く	720
ちる	散る	680
べんきょう	勉強	840
れんしゅう	練習	780
せつめい	説明	780
じゅんび	準備	780
ようい	用意	720
かくにん	確認	760
れんらく	連絡	780
そうだん	相談	760
よやく	予約	740
あんない	案内	740
しょうかい	紹介	760
しょうたい	招待	700
さんか	参加	740
しゅっせき	出席	680
けっせき	欠席	640
ちこく	遅刻	660
ざんぎょう	残業	680
しゅっちょう	出張	680
しゅうしょく	就職	680
たいしょく	退職	640
そつぎょう	卒業	720
にゅうがく	入学	700
ごうかく	合格	720
うんどう	運動	780
さんぽ	散歩	720
りょこう	旅行	800
かんこう	観光	700
ほうもん	訪問	680
とうちゃく	到着	700
しゅっぱつ	出発	720
いどう	移動	720
きこく	帰国	640
りゅうがく	留学	680
けんきゅう	研究	760
ちょうさ	調査	720
はっけん	発見	720
はつめい	発明	680
かいはつ	開発	740
せいさん	生産	700
せいぞう	製造	680
はんばい	販売	720
ゆしゅつ	輸出	660
ゆにゅう	輸入	660
ぼうえき	貿易	680
けいえい	経営	700
かんり	管理	740
けいかく	計画	760
じっこう	実行	700
じつげん	実現	700
せいこう	成功	760
しっぱい	失敗	740
どりょく	努力	720
きょうりょく	協力	720
きょうそう	競争	700
ひかく	比較	700
ぶんせき	分析	700
はんだん	判断	720
けってい	決定	720
せんたく	選択	700
ようきゅう	要求	700
めいれい	命令	680
きんし	禁止	700
きょか	許可	700
さんせい	賛成	700
はんたい	反対	740
しゅちょう	主張	680
ていあん	提案	720
はっぴょう	発表	720
ほうこく	報告	720
きろく	記録	720
ひょうげん	表現	720
ほんやく	翻訳	700
つうやく	通訳	680
かいわ	会話	760
しつもん	質問	780
へんじ	返事	740
あいさつ	挨拶	760
やくそく	約束	760
けんか	喧嘩	680
ぎろん	議論	700
こうしょう	交渉	660
かいけつ	解決	720
しょり	処理	700
そうさ	操作	680
しゅうり	修理	700
けんせつ	建設	700
はかい	破壊	660
そうじ	掃除	760
せんたく	洗濯	720
すいじ	炊事	620
いくじ	育児	660
かんびょう	看病	620
かいご	介護	680
うんてん	運転	760
けっこん	結婚	780
りこん	離婚	640
しゅっぴん	出品	600
りよう	利用	780
しよう	使用	760
せいかつ	生活	800
けんぶつ	見物	640
おおきい	大きい	900
ちいさい	小さい	880
たかい	高い	880
ひくい	低い	760
やすい	安い	800
あたらしい	新しい	860
ふるい	古い	800
よい	良い	840
わるい	悪い	820
ながい	長い	820
みじかい	短い	780
はやい	早い	820
はやい	速い	760
おそい	遅い	760
おおい	多い	820
すくない	少ない	800
ひろい	広い	780
せまい	狭い	740
ふかい	深い	740
あさい	浅い	680
おもい	重い	780
かるい	軽い	760
つよい	強い	800
よわい	弱い	760
ふとい	太い	700
ほそい	細い	720
あつい	厚い	700
うすい	薄い	720
あつい	暑い	800
さむい	寒い	800
あたたかい	暖かい	760
すずしい	涼しい	720
あつい	熱い	760
つめたい	冷たい	760
あかるい	明るい	760
くらい	暗い	740
うつくしい	美しい	760
かわいい	可愛い	780
きたない	汚い	720
きれい	綺麗	800
たのしい	楽しい	840
おもしろい	面白い	820
うれしい	嬉しい	780
かなしい	悲しい	760
さびしい	寂しい	700
こわい	怖い	740
いたい	痛い	760
くるしい	苦しい	720
つらい	辛い	720
からい	辛い	720
あまい	甘い	760
すっぱい	酸っぱい	640
にがい	苦い	680
しおからい	塩辛い	600
おいしい	美味しい	840
まずい	不味い	680
いそがしい	忙しい	780
むずかしい	難しい	800
やさしい	易しい	720
やさしい	優しい	800
あぶない	危ない	760
わかい	若い	760
ねむい	眠い	720
はずかしい	恥ずかしい	700
なつかしい	懐かしい	680
めずらしい	珍しい	700
ただしい	正しい	760
まずしい	貧しい	640
ひま	暇	720
かんたん	簡単	800
しんせつ	親切	740
あんぜん	安全	760
きけん	危険	740
べんり	便利	780
ふべん	不便	680
しずか	静か	760
にぎやか	賑やか	700
げんき	元気	820
けんこう	健康	740
ゆうめい	有名	760
たいせつ	大切	800
たいへん	大変	800
ひつよう	必要	800
じゅうぶん	十分	760
とくべつ	特別	740
ふつう	普通	780
じゆう	自由	760
ほんとう	本当	800
むり	無理	760
ていねい	丁寧	700
まじめ	真面目	720
じょうず	上手	780
へた	下手	720
とくい	得意	720
にがて	苦手	720
すき	好き	860
きらい	嫌い	800
すてき	素敵	720
りっぱ	立派	700
ごうか	豪華	660
ゆたか	豊か	700
とかい	都会	700
がっこう	学校	880
せんせい	先生	880
がくせい	学生	820
せいと	生徒	720
ともだち	友達	840
かぞく	家族	840
りょうしん	両親	780
ちち	父	800
はは	母	800
あに	兄	760
あね	姉	760
おとうと	弟	760
いもうと	妹	760
そふ	祖父	700
そぼ	祖母	700
むすこ	息子	720
むすめ	娘	720
おっと	夫	720
つま	妻	720
こども	子供	860
あかちゃん	赤ちゃん	720
おや	親	760
しんせき	親戚	660
おとな	大人	780
かいしゃ	会社	840
しゃちょう	社長	720
ぶちょう	部長	680
かちょう	課長	660
しゃいん	社員	700
しごと	仕事	860
かいぎ	会議	740
しりょう	資料	720
しょるい	書類	700
けいやく	契約	700
きゅうりょう	給料	720
めいし	名刺	680
でんわ	電話	820
けいたい	携帯	760
ばんごう	番号	740
じゅうしょ	住所	740
なまえ	名前	840
ねんれい	年齢	700
たんじょうび	誕生日	780
えき	駅	840
くうこう	空港	760
びょういん	病院	800
ぎんこう	銀行	780
ゆうびんきょく	郵便局	700
としょかん	図書館	740
びじゅつかん	美術館	680
はくぶつかん	博物館	680
えいがかん	映画館	700
こうえん	公園	780
じんじゃ	神社	720
てら	寺	700
きょうかい	教会	680
しやくしょ	市役所	680
けいさつ	警察	760
しょうぼうしょ	消防署	640
こうばん	交番	680
みせ	店	800
ほんや	本屋	700
やおや	八百屋	640
はなや	花屋	640
やっきょく	薬局	680
いちば	市場	700
こうじょう	工場	700
かいじょう	会場	700
たいいくかん	体育館	640
きょうしつ	教室	720
しょくどう	食堂	700
だいどころ	台所	720
げんかん	玄関	700
へや	部屋	800
やね	屋根	700
かべ	壁	720
ゆか	床	700
てんじょう	天井	660
まど	窓	760
とびら	扉	680
かいだん	階段	720
ろうか	廊下	680
ごはん	ご飯	820
あさごはん	朝ご飯	720
ひるごはん	昼ご飯	720
ばんごはん	晩ご飯	720
ゆうしょく	夕食	700
ちょうしょく	朝食	700
ちゅうしょく	昼食	680
べんとう	弁当	720
りょうり	料理	800
やさい	野菜	780
くだもの	果物	760
にく	肉	780
さかな	魚	800
たまご	卵	760
こめ	米	720
むぎ	麦	640
まめ	豆	680
しお	塩	720
さとう	砂糖	720
しょうゆ	醤油	700
みそ	味噌	700
す	酢	620
あぶら	油	680
みず	水	840
ちゃ	茶	760
ぎゅうにゅう	牛乳	720
さけ	酒	760
のみもの	飲み物	740
たべもの	食べ物	760
おかし	お菓子	720
てんき	天気	800
そら	空	800
くも	雲	720
あめ	雨	820
ゆき	雪	780
かぜ	風	780
かみなり	雷	680
たいふう	台風	720
じしん	地震	720
たいよう	太陽	720
つき	月	780
ほし	星	740
うみ	海	820
やま	山	840
かわ	川	800
みずうみ	湖	680
いけ	池	700
もり	森	720
はやし	林	680
き	木	780
くさ	草	720
はな	花	800
は	葉	700
ね	根	680
たね	種	680
いし	石	720
すな	砂	680
つち	土	700
いわ	岩	680
ひ	火	760
こおり	氷	700
にじ	虹	680
つゆ	梅雨	640
けしき	景色	700
いなか	田舎	700
いぬ	犬	800
ねこ	猫	800
とり	鳥	760
うま	馬	720
うし	牛	720
ぶた	豚	700
ひつじ	羊	680
にわとり	鶏	680
むし	虫	720
へび	蛇	660
かえる	蛙	660
くま	熊	680
さる	猿	680
ぞう	象	680
とら	虎	680
うさぎ	兎	680
ねずみ	鼠	640
きつね	狐	660
しか	鹿	660
かめ	亀	660
ちょう	蝶	640
はち	蜂	640
あり	蟻	620
からだ	体	800
あたま	頭	800
かお	顔	800
め	目	800
はな	鼻	720
くち	口	760
みみ	耳	720
は	歯	720
した	舌	680
くび	首	720
かた	肩	700
うで	腕	720
て	手	820
ゆび	指	740
つめ	爪	660
むね	胸	700
はら	腹	700
せなか	背中	700
こし	腰	700
あし	足	800
ひざ	膝	680
かみ	髪	740
はだ	肌	700
ほね	骨	700
ち	血	700
こころ	心	800
しんぞう	心臓	680
のう	脳	680
きんにく	筋肉	680
こえ	声	760
なみだ	涙	700
あせ	汗	680
いき	息	700
いのち	命	740
じかん	時間	840
とけい	時計	760
ごぜん	午前	720
ごご	午後	740
あさ	朝	800
ひる	昼	760
ゆうがた	夕方	720
よる	夜	800
よなか	夜中	680
いま	今	840
きょう	今日	900
きのう	昨日	860
あした	明日	880
あさって	明後日	700
おととい	一昨日	680
まいにち	毎日	820
こんしゅう	今週	760
らいしゅう	来週	760
せんしゅう	先週	760
こんげつ	今月	740
らいげつ	来月	740
せんげつ	先月	740
ことし	今年	800
らいねん	来年	780
きょねん	去年	780
まいとし	毎年	720
しゅうまつ	週末	760
へいじつ	平日	700
きゅうじつ	休日	720
しゅくじつ	祝日	680
はる	春	780
なつ	夏	780
あき	秋	760
ふゆ	冬	760
きせつ	季節	720
けさ	今朝	720
こんばん	今晩	720
げつようび	月曜日	780
かようび	火曜日	760
すいようび	水曜日	760
もくようび	木曜日	760
きんようび	金曜日	760
どようび	土曜日	780
にちようび	日曜日	780
いろ	色	780
あか	赤	760
あお	青	760
きいろ	黄色	720
みどり	緑	720
くろ	黒	760
しろ	白	760
ちゃいろ	茶色	680
むらさき	紫	680
はいいろ	灰色	640
きんいろ	金色	640
みずいろ	水色	660
でんしゃ	電車	820
しんかんせん	新幹線	740
ちかてつ	地下鉄	720
くるま	車	840
じどうしゃ	自動車	720
じてんしゃ	自転車	760
ひこうき	飛行機	760
ふね	船	720
きっぷ	切符	700
うんちん	運賃	660
みち	道	800
どうろ	道路	720
はし	橋	720
しんごう	信号	720
こうさてん	交差点	680
ちゅうしゃじょう	駐車場	680
せんろ	線路	680
かいさつ	改札	680
でぐち	出口	760
いりぐち	入口	760
きょういく	教育	760
だいがく	大学	820
こうこう	高校	760
ちゅうがっこう	中学校	720
しょうがっこう	小学校	720
ようちえん	幼稚園	680
じゅぎょう	授業	740
しゅくだい	宿題	740
しけん	試験	760
せいせき	成績	700
かもく	科目	680
すうがく	数学	720
こくご	国語	700
えいご	英語	780
りか	理科	680
れきし	歴史	740
ちり	地理	680
かがく	科学	740
ぶつり	物理	680
かがく	化学	700
せいぶつ	生物	680
おんがく	音楽	760
びじゅつ	美術	700
たいいく	体育	700
じしょ	辞書	720
きょうかしょ	教科書	720
えんぴつ	鉛筆	720
ふで	筆	680
かみ	紙	760
ほん	本	820
ざっし	雑誌	720
しんぶん	新聞	760
ものがたり	物語	700
しょうせつ	小説	720
まんが	漫画	760
え	絵	740
しゃしん	写真	780
もんだい	問題	840
こたえ	答え	780
りゆう	理由	760
げんいん	原因	740
けっか	結果	760
ほうほう	方法	760
もくてき	目的	720
いみ	意味	800
いけん	意見	760
かんがえ	考え	760
きもち	気持ち	780
きぶん	気分	760
かんじょう	感情	700
けいけん	経験	760
ちしき	知識	720
のうりょく	能力	720
さいのう	才能	680
せいかく	性格	720
しゅうかん	習慣	720
ぶんか	文化	760
しゃかい	社会	800
せいじ	政治	740
けいざい	経済	760
ほうりつ	法律	720
しぜん	自然	760
かんきょう	環境	760
くに	国	780
こっか	国家	680
せいふ	政府	720
せんそう	戦争	720
へいわ	平和	740
けんり	権利	700
ぎむ	義務	680
せきにん	責任	720
かんけい	関係	780
えいきょう	影響	740
へんか	変化	740
はってん	発展	700
せいちょう	成長	720
ぎじゅつ	技術	760
じょうほう	情報	800
つうしん	通信	700
ほうそう	放送	700
こうこく	広告	700
きじ	記事	720
ばんぐみ	番組	720
つくえ	机	740
いす	椅子	740
たな	棚	680
はこ	箱	720
かばん	鞄	720
さいふ	財布	720
かさ	傘	720
かぎ	鍵	720
めがね	眼鏡	720
ぼうし	帽子	720
くつ	靴	760
くつした	靴下	700
ふく	服	760
ようふく	洋服	700
きもの	着物	720
うわぎ	上着	680
したぎ	下着	660
てぶくろ	手袋	680
ゆびわ	指輪	680
かがみ	鏡	700
せっけん	石鹸	640
ふとん	布団	700
まくら	枕	680
もうふ	毛布	640
どうぐ	道具	700
きかい	機械	720
ほうちょう	包丁	680
はさみ	鋏	640
くぎ	釘	620
はり	針	660
いと	糸	680
ぬの	布	680
わた	綿	620
いえ	家	840
たてもの	建物	740
じゅうたく	住宅	700
にわ	庭	720
もん	門	700
はたけ	畑	680
おかね	お金	800
げんきん	現金	700
りょうきん	料金	720
ねだん	値段	740
かかく	価格	720
ひよう	費用	700
ぜいきん	税金	700
ちょきん	貯金	680
しゃっきん	借金	680
りえき	利益	700
そん	損	680
しょうばい	商売	680
しょうひん	商品	740
しなもの	品物	680
かいもの	買い物	780
うりば	売り場	680
てんいん	店員	700
きゃく	客	720
おきゃくさま	お客様	720
いしゃ	医者	760
かんごし	看護師	680
かんじゃ	患者	700
くすり	薬	760
ちゅうしゃ	注射	680
しゅじゅつ	手術	700
けんさ	検査	720
ちりょう	治療	720
びょうき	病気	780
かぜ	風邪	760
ねつ	熱	740
けが	怪我	720
きず	傷	700
いたみ	痛み	700
たいおん	体温	680
けつあつ	血圧	660
あい	愛	720
こい	恋	700
ゆめ	夢	760
きぼう	希望	740
しあわせ	幸せ	760
よろこび	喜び	700
かなしみ	悲しみ	680
いかり	怒り	680
きょうふ	恐怖	660
ふあん	不安	720
しんぱい	心配	760
あんしん	安心	740
まんぞく	満足	700
こうかい	後悔	680
かんしゃ	感謝	720
そんけい	尊敬	680
うえ	上	820
した	下	820
まえ	前	840
うしろ	後ろ	780
ひだり	左	780
みぎ	右	780
なか	中	820
そと	外	780
うち	内	720
よこ	横	720
となり	隣	760
ちかく	近く	760
とおく	遠く	720
あいだ	間	760
おく	奥	680
そこ	底	680
おもて	表	700
うら	裏	700
かど	角	700
まんなか	真ん中	700
ひがし	東	740
にし	西	740
みなみ	南	740
きた	北	740
ほうこう	方向	700
ばしょ	場所	780
いち	位置	700
こと	事	800
もの	物	800
ところ	所	780
ほう	方	760
ため	為	720
とき	時	800
さいしょ	最初	760
さいご	最後	760
さいきん	最近	780
しょうらい	将来	720
かこ	過去	720
げんざい	現在	740
みらい	未来	720
いぜん	以前	720
いご	以後	680
いじょう	以上	760
いか	以下	720
いない	以内	700
とちゅう	途中	720
さいこう	最高	760
さいてい	最低	700
たくさん	沢山	760
ぜんぶ	全部	780
すこし	少し	800
だいたい	大体	720
ちょうど	丁度	680
けっこう	結構	720
とくに	特に	760
もっとも	最も	720
ひじょう	非常	700
みやげ	土産	700
つごう	都合	700
ようじ	用事	700
すもう	相撲	680
もみじ	紅葉	660
はたち	二十歳	680
たんぼ	田んぼ	660
いち	一	900
に	二	860
さん	三	840
し	四	760
よん	四	720
ご	五	800
ろく	六	760
しち	七	720
なな	七	720
はち	八	760
きゅう	九	760
く	九	640
じゅう	十	800
にち	日	780
げつ	月	720
か	火	680
すい	水	700
もく	木	680
きん	金	720
ど	土	680
さん	山	700
せん	川	640
ひと	人	840
じん	人	760
にん	人	720
こ	子	720
し	子	640
おんな	女	720
じょ	女	680
おとこ	男	720
だん	男	660
だい	大	760
おお	大	720
しょう	小	700
ちゅう	中	720
じょう	上	700
げ	下	640
もと	本	680
がく	学	720
こう	校	700
さき	先	700
せい	生	700
なま	生	680
とし	年	720
ねん	年	720
じ	時	720
ふん	分	700
ぶん	分	680
はん	半	700
まい	毎	680
なに	何	760
なん	何	720
わたし	私	760
ご	語	700
はなし	話	720
わ	話	640
ぶん	文	680
じ	字	700
な	名	700
めい	名	680
こく	国	700
えん	円	720
たか	高	700
やす	安	680
しん	新	700
ふる	古	680
なが	長	700
ちょう	長	680
はく	白	640
ちから	力	720
りき	力	640
き	気	760
てん	天	700
おと	音	700
おん	音	660
で	出	700
にゅう	入	680
こう	行	700
しょく	食	680
どう	道	680
がい	外	680
ない	内	640
ぜん	前	680
ご	後	700
さ	左	640
う	右	640
とう	東	680
せい	西	640
なん	南	660
ほく	北	640
しゅう	週	700
よう	曜	680
かん	間	700
よ	夜	700
かわ	河	600
たけ	竹	640
か	家	680
まち	町	700
むら	村	680
た	田	680
いずみ	泉	600
たに	谷	620
