de	的	1000
yi	一	999
shi	是	998
le	了	997
wo	我	996
bu	不	995
ren	人	994
zai	在	993
ta	他	992
you	有	991
zhe	这	990
ge	个	989
shang	上	988
men	们	987
lai	来	986
dao	到	985
shi	时	984
da	大	983
di	地	982
wei	为	981
zi	子	980
zhong	中	979
ni	你	978
shuo	说	977
sheng	生	976
guo	国	975
nian	年	974
zhe	着	973
jiu	就	972
na	那	971
he	和	970
yao	要	969
ta	她	968
chu	出	967
ye	也	966
de	得	965
li	里	964
hou	后	963
zi	自	962
yi	以	961
hui	会	960
jia	家	959
ke	可	958
xia	下	957
er	而	956
guo	过	955
tian	天	954
qu	去	953
neng	能	952
dui	对	951
xiao	小	950
duo	多	949
ran	然	948
yu	于	947
xin	心	946
xue	学	945
me	么	944
zhi	之	943
dou	都	942
hao	好	941
kan	看	940
qi	起	939
fa	发	938
dang	当	937
mei	没	936
cheng	成	935
zhi	只	934
ru	如	933
shi	事	932
ba	把	931
hai	还	930
yong	用	929
di	第	928
yang	样	927
dao	道	926
xiang	想	925
zuo	作	924
zhong	种	923
kai	开	922
mei	美	921
zong	总	920
cong	从	919
wu	无	918
qing	情	917
ji	己	916
mian	面	915
zui	最	914
nv	女	913
dan	但	912
xian	现	911
qian	前	910
xie	些	909
suo	所	908
tong	同	907
ri	日	906
shou	手	905
you	又	904
xing	行	903
yi	意	902
dong	动	901
fang	方	900
qi	期	899
ta	它	898
tou	头	897
jing	经	896
chang	长	895
er	儿	894
hui	回	893
wei	位	892
fen	分	891
ai	爱	890
lao	老	889
yin	因	888
hen	很	887
gei	给	886
ming	名	885
fa	法	884
jian	间	883
si	斯	882
zhi	知	881
shi	世	880
shen	什	879
liang	两	878
ci	次	877
shi	使	876
shen	身	875
zhe	者	874
bei	被	873
gao	高	872
yi	已	871
qin	亲	870
qi	其	869
jin	进	868
ci	此	867
hua	话	866
chang	常	865
yu	与	864
huo	活	863
zheng	正	862
gan	感	861
jian	见	860
ming	明	859
wen	问	858
li	力	857
li	理	856
er	尔	855
dian	点	854
wen	文	853
ji	几	852
ding	定	851
ben	本	850
gong	公	849
te	特	848
zuo	做	847
wai	外	846
hai	孩	845
xiang	相	844
xi	西	843
guo	果	842
zou	走	841
jiang	将	840
yue	月	839
shi	十	838
shi	实	837
xiang	向	836
sheng	声	835
che	车	834
quan	全	833
xin	信	832
zhong	重	831
san	三	830
ji	机	829
gong	工	828
wu	物	827
qi	气	826
mei	每	825
bing	并	824
bie	别	823
zhen	真	822
da	打	821
tai	太	820
xin	新	819
bi	比	818
cai	才	817
bian	便	816
fu	夫	815
zai	再	814
shu	书	813
bu	部	812
shui	水	811
xiang	像	810
yan	眼	809
deng	等	808
ti	体	807
que	却	806
jia	加	805
dian	电	804
zhu	主	803
jie	界	802
men	门	801
li	利	800
hai	海	799
shou	受	798
ting	听	797
biao	表	796
de	德	795
shao	少	794
ke	克	793
dai	代	792
yuan	员	791
xu	许	790
xian	先	789
kou	口	788
you	由	787
si	死	786
an	安	785
xie	写	784
xing	性	783
ma	马	782
guang	光	781
bai	白	780
huo	或	779
zhu	住	778
nan	难	777
wang	望	776
jiao	教	775
ming	命	774
hua	花	773
jie	结	772
le	乐	771
se	色	770
geng	更	769
la	拉	768
dong	东	767
shen	神	766
ji	记	765
chu	处	764
rang	让	763
mu	母	762
fu	父	761
ying	应	760
zhi	直	759
zi	字	758
chang	场	757
ping	平	756
bao	报	755
you	友	754
guan	关	753
fang	放	752
zhi	至	751
zhang	张	750
ren	认	749
jie	接	748
gao	告	747
ru	入	746
xiao	笑	745
nei	内	744
ying	英	743
jun	军	742
hou	候	741
min	民	740
sui	岁	739
wang	往	738
he	何	737
du	度	736
shan	山	735
jue	觉	734
lu	路	733
dai	带	732
wan	万	731
nan	男	730
bian	边	729
feng	风	728
jie	解	727
jiao	叫	726
ren	任	725
jin	金	724
kuai	快	723
yuan	原	722
chi	吃	721
ma	妈	720
bian	变	719
tong	通	718
shi	师	717
li	立	716
xiang	象	715
shu	数	714
si	四	713
shi	失	712
man	满	711
zhan	战	710
yuan	远	709
ge	格	708
shi	士	707
yin	音	706
qing	轻	705
mu	目	704
tiao	条	703
ne	呢	702
bing	病	701
shi	始	700
da	达	699
shen	深	698
wan	完	697
jin	今	696
ti	提	695
qiu	求	694
qing	清	693
wang	王	692
hua	化	691
kong	空	690
ye	业	689
si	思	688
qie	切	687
zen	怎	686
fei	非	685
zhao	找	684
pian	片	683
luo	罗	682
qian	钱	681
ma	吗	680
yu	语	679
yuan	元	678
xi	喜	677
ceng	曾	676
li	离	675
fei	飞	674
ke	科	673
yan	言	672
gan	干	671
liu	流	670
huan	欢	669
yue	约	668
ge	各	667
ji	即	666
zhi	指	665
he	合	664
fan	反	663
ti	题	662
bi	必	661
gai	该	660
lun	论	659
jiao	交	658
zhong	终	657
lin	林	656
qing	请	655
yi	医	654
wan	晚	653
zhi	制	652
qiu	球	651
jue	决	650
chuan	传	649
hua	画	648
bao	保	647
du	读	646
yun	运	645
ji	及	644
ze	则	643
fang	房	642
zao	早	641
yuan	院	640
liang	量	639
ku	苦	638
huo	火	637
bu	布	636
pin	品	635
jin	近	634
zuo	坐	633
chan	产	632
da	答	631
xing	星	630
jing	精	629
shi	视	628
wu	五	627
lian	连	626
si	司	625
ba	巴	624
qi	奇	623
guan	管	622
lei	类	621
wei	未	620
peng	朋	619
qie	且	618
hun	婚	617
tai	台	616
ye	夜	615
qing	青	614
bei	北	613
dui	队	612
jiu	久	611
hu	乎	610
yue	越	609
guan	观	608
luo	落	607
jin	尽	606
xing	形	605
ying	影	604
hong	红	603
ba	爸	602
bai	百	601
ling	令	600
zhou	周	599
ba	吧	598
shi	识	597
bu	步	596
xi	希	595
ya	亚	594
shu	术	593
liu	留	592
shi	市	591
ban	半	590
re	热	589
song	送	588
xing	兴	587
zao	造	586
tan	谈	585
rong	容	584
ji	极	583
sui	随	582
yan	演	581
shou	收	580
shou	首	579
gen	根	578
jiang	讲	577
zheng	整	576
shi	式	575
qu	取	574
zhao	照	573
ban	办	572
qiang	强	571
shi	石	570
gu	古	569
hua	华	568
na	拿	567
ji	计	566
nin	您	565
zhuang	装	564
si	似	563
zu	足	562
shuang	双	561
qi	妻	560
ni	尼	559
zhuan	转	558
su	诉	557
mi	米	556
cheng	称	555
li	丽	554
ke	客	553
nan	南	552
ling	领	551
jie	节	550
yi	衣	549
ju	具	548
zhi	志	547
qi	器	546
leng	冷	545
cheng	城	544
mi	密	543
tu	图	542
yin	引	541
gu	顾	540
chen	沉	539
nong	弄	538
pai	排	537
zui	罪	536
ci	词	535
yang	阳	534
yang	洋	533
jia	假	532
zhen	阵	531
mai	卖	530
ju	剧	529
yao	药	528
yi	遗	527
lv	律	526
ceng	层	525
tao	讨	524
wan	玩	523
jie	阶	522
ya	呀	521
di	弟	520
e	恶	519
mao	冒	518
huang	皇	517
niang	娘	516
pai	拍	515
shun	顺	514
shu	舒	513
qiu	秋	512
kang	康	511
wen	稳	510
tie	铁	509
jie	街	508
jia	夹	507
quan	圈	506
bu	补	505
lang	郎	504
bian	遍	503
tian	田	502
ke	课	501
shen	甚	500
han	汉	499
yang	养	498
jian	坚	497
zhi	致	496
sha	杀	495
ju	局	494
jiu	救	493
chi	持	492
su	苏	491
you	右	490
tu	突	489
hua	划	488
jing	惊	487
dai	待	486
shou	守	485
an	案	484
jia	甲	483
you	油	482
bei	杯	481
jian	简	480
biao	标	479
zhong	钟	478
wei	微	477
shi	诗	476
ying	迎	475
jing	警	474
e	额	473
xia	夏	472
dai	呆	471
jing	静	470
lan	兰	469
zhe	折	468
gong	供	467
di	低	466
chu	除	465
yi	移	464
cha	察	463
shu	署	462
chong	充	461
an	按	460
sheng	胜	459
hu	胡	458
qi	汽	457
xiang	乡	456
zhen	镇	455
qun	群	454
ping	凭	453
miao	苗	452
ji	积	451
reng	仍	450
qiang	枪	449
mao	毛	448
rou	柔	447
hu	呼	446
qi	弃	445
ping	苹	444
duo	夺	443
xiong	胸	442
han	喊	441
kuang	狂	440
man	慢	439
han	汗	438
fang	仿	437
chun	纯	436
cheng	诚	435
xi	悉	434
wu	悟	433
cha	茶	432
xi	戏	431
huai	坏	430
fen	纷	429
lv	虑	428
tao	逃	427
bi	避	426
jiang	奖	425
luan	乱	424
you	邮	423
sen	森	422
tang	汤	421
xin	辛	420
jiu	旧	419
dan	旦	418
niu	牛	417
zhi	纸	416
zhu	诸	415
zhi	执	414
suo	索	413
dai	戴	412
xie	械	411
huan	唤	410
tan	坦	409
gou	沟	408
gua	挂	407
pu	铺	406
xu	序	405
xiang	项	404
yan	宴	403
xing	姓	402
qiao	巧	401
zhuo	桌	400
jian	剑	399
wei	卫	398
ji	既	397
nai	乃	396
wu	午	395
lang	朗	394
yang	杨	393
lao	劳	392
duo	朵	391
deng	灯	390
po	坡	389
ba	罢	388
guan	冠	387
fu	副	386
fang	坊	385
zu	祖	384
dong	洞	383
gao	稿	382
dou	斗	381
tan	坛	380
qiao	桥	379
du	杜	378
zhang	掌	377
gai	盖	376
run	润	375
pan	盘	374
zhu	逐	373
ying	硬	372
zheng	症	371
meng	蒙	370
hui	毁	369
na	纳	368
ken	肯	367
xiang	详	366
dao	盗	365
diao	掉	364
fan	翻	363
chao	炒	362
bao	薄	361
guan	罐	360
huan	缓	359
dan	淡	358
peng	碰	357
ba	坝	356
ru	乳	355
ao	熬	354
lian	莲	353
mang	茫	352
qian	牵	351
zhu	猪	350
jiao	郊	349
ren	仁	348
hui	慧	347
yong	勇	346
mo	默	345
tian	甜	344
zheng	蒸	343
fan	凡	342
guo	锅	341
chang	畅	340
zuo	昨	339
chen	晨	338
jie	届	337
jian	渐	336
cheng	呈	335
ji	籍	334
zi	姿	333
ju	拒	332
pian	偏	331
xie	携	330
quan	劝	329
chai	拆	328
feng	凤	327
guan	惯	326
xun	询	325
lang	浪	324
du	督	323
xiong	凶	322
lie	劣	321
kua	夸	320
feng	奉	319
zha	炸	318
zei	贼	317
kong	恐	316
zhu	祝	315
chu	储	314
pao	炮	313
zai	灾	312
sun	损	311
mo	魔	310
yi	翼	309
shi	拾	308
liang	辆	307
tao	桃	306
mie	灭	305
sui	碎	304
zou	奏	303
xun	迅	302
pin	拼	301
ru	辱	300
tong	铜	299
xian	仙	298
yan	炎	297
feng	锋	296
tiao	挑	295
shuai	帅	294
hui	惠	293
hui	挥	292
can	灿	291
shi	氏	290
dou	豆	289
hu	虎	288
le	勒	287
niu	纽	286
bai	柏	285
kun	昆	284
qia	恰	283
miao	妙	282
qian	乾	281
zong	宗	280
mu	慕	279
xue	穴	278
jiu	纠	277
ban	斑	276
tuo	拓	275
jie	劫	274
gua	瓜	273
dang	挡	272
yang	仰	271
ya	牙	270
chang	昌	269
meng	盟	268
jin	劲	267
guan	贯	266
chu	畜	265
weng	翁	264
fang	妨	263
qi	契	262
sang	桑	261
tang	糖	260
gou	勾	259
tong	桶	258
hen	恨	257
sheng	牲	256
huo	祸	255
mu	穆	254
mo	莫	253
jie	洁	252
xuan	悬	251
ba	拔	250
tuo	拖	249
ai	碍	248
ju	矩	247
lin	邻	246
gan	杆	245
fu	浮	244
gang	纲	243
mi	蜜	242
sha	莎	241
rui	锐	240
lu	炉	239
chuan	穿	238
yao	遥	237
nai	奈	236
huang	慌	235
cheng	澄	234
you	诱	233
hui	悔	232
chou	仇	231
sheng	剩	230
zhi	枝	229
rang	壤	228
jing	颈	227
qiong	穷	226
gan	甘	225
xiang	祥	224
ye	爷	223
pian	篇	222
bi	逼	221
bing	柄	220
xie	斜	219
tan	炭	218
shui	睡	217
pen	喷	216
xi	惜	215
lie	猎	214
yan	沿	213
dao	稻	212
feng	逢	211
gui	桂	210
guan	灌	209
wa	挖	208
bi	壁	207
bei	辈	206
dai	贷	205
jin	谨	204
gu	姑	203
wo	沃	202
luo	络	201
meng	猛	200
zao	遭	199
ping	瓶	198
luo	逻	197
yao	钥	196
wan	碗	195
mao	猫	194
wan	弯	193
miao	描	192
hu	糊	191
hou	喉	190
ke	渴	189
zang	脏	188
teng	腾	187
chi	斥	186
ju	拘	185
bi	臂	184
ku	枯	183
sou	搜	182
zhang	帐	181
zhuan	砖	180
hao	豪	179
ang	昂	178
zhuang	壮	177
zhong	仲	176
shi	逝	175
chao	潮	174
zhuang	撞	173
mao	茅	172
mang	盲	171
tuo	妥	170
cang	仓	169
fu	腹	168
lang	狼	167
jie	杰	166
yao	腰	165
liang	凉	164
wei	喂	163
mao	帽	162
jiao	浇	161
gui	柜	160
hui	辉	159
lian	炼	158
chuan	喘	157
xian	弦	156
mo	抹	155
bian	辨	154
yang	氧	153
zhe	遮	152
zhu	柱	151
ou	偶	150
quan	拳	149
shou	兽	148
wai	歪	147
cou	凑	146
lin	淋	145
ci	瓷	144
hui	贿	143
qian	遣	142
zheng	郑	141
hou	猴	140
zhao	兆	139
yan	掩	138
cai	菜	137
jian	键	136
bo	拨	135
la	喇	134
jiang	桨	133
chong	虫	132
gao	糕	131
kan	砍	130
pa	爬	129
yao	邀	128
wei	畏	127
tan	贪	126
zheng	睁	125
zhe	浙	124
mao	矛	123
dun	盾	122
jin	锦	121
xi	稀	120
qi	祈	119
shen	慎	118
wa	瓦	117
yun	匀	116
di	蒂	115
ding	钉	114
zhao	昭	113
tu	兔	112
bi	碧	111
qia	洽	110
jia	稼	109
sui	穗	108
jun	菌	107
chun	唇	106
shi	狮	105
kuang	矿	104
ling	铃	103
hu	壶	102
xiang	巷	101
lian	帘	100
jing	茎	99
guai	乖	98
gou	钩	97
hen	狠	96
ying	颖	95
zhen	枕	94
hun	魂	93
fan	帆	92
zhan	斩	91
ya	崖	90
dian	颠	89
zong	纵	88
jia	贾	87
shao	勺	86
pan	畔	85
jiang	匠	84
cui	翠	83
zhi	帜	82
you	悠	81
sha	沙	80
shuo	硕	79
nuo	挪	78
zhuang	桩	77
du	渡	76
shao	稍	75
zi	仔	74
qie	茄	73
jin	斤	72
jiao	胶	71
hu	狐	70
li	狸	69
die	蝶	68
feng	蜂	67
yi	蚁	66
she	蛇	65
ying	鹰	64
ji	鸡	63
ya	鸭	62
e	鹅	61
niao	鸟	60
yu	鱼	59
xia	虾	58
xie	蟹	57
gui	龟	56
wa	蛙	55
chan	蝉	54
wen	蚊	53
ying	蝇	52
luo	螺	51
can	蚕	50
lu	鹿	49
yang	羊	48
xiong	熊	47
yuan	猿	46
gou	狗	45
bao	豹	44
shu	鼠	43
long	龙	42
qi	麒	41
lin	麟	40
huang	凰	39
ju	菊	38
mei	梅	37
zhu	竹	36
song	松	35
liu	柳	34
feng	枫	33
hua	桦	32
yu	榆	31
huai	槐	30
shan	杉	29
tong	桐	28
zao	枣	27
li	栗	26
xing	杏	25
li	梨	24
pi	枇	23
ju	橘	22
gan	柑	21
you	柚	20
pu	葡	19
tao	萄	18
mei	莓	17
mai	麦	16
gu	谷	15
su	粟	14
shu	黍	13
shu	菽	12
shu	薯	11
yu	芋	10
ou	藕	9
jiang	姜	8
suan	蒜	7
cong	葱	6
jiu	韭	5
qin	芹	4
bo	菠	3
jiao	椒	2
gu	菇	1
er	耳	1
bi	鼻	1
she	舌	1
chi	齿	1
jia	颊	1
quan	颧	1
mei	眉	1
jie	睫	1
tong	瞳	1
e	颚	1
e	腭	1
sai	腮	1
ke	颏	1
jian	肩	1
zhou	肘	1
wan	腕	1
tun	臀	1
tui	腿	1
xi	膝	1
huai	踝	1
zhong	踵	1
zhi	趾	1
bei	背	1
ji	脊	1
lei	肋	1
fu	腑	1
fei	肺	1
gan	肝	1
dan	胆	1
shen	肾	1
pi	脾	1
wei	胃	1
chang	肠	1
bang	膀	1
guang	胱	1
gu	姑	700
yi	姨	699
shen	婶	699
sao	嫂	698
xu	婿	697
zhi	侄	697
pu	仆	696
nu	奴	695
wa	娃	695
niang	娘	694
fei	匪	693
zei	贼	692
dao	盗	692
zhen	侦	691
mou	谋	690
huo	伙	690
ban	伴	689
ling	伶	688
qiao	俏	688
ao	傲	687
zhai	债	686
ru	儒	686
xian	仙	685
sha	傻	684
qiao	侨	684
fu	俘	683
fu	傅	682
lao	佬	682
yang	佯	681
yi	倚	680
wei	偎	680
ji	伎	679
kan	侃	678
tang	倘	677
li	俐	677
xia	侠	676
lv	侣	675
hou	侯	675
mei	眉	674
jie	睫	673
tong	瞳	673
kuang	眶	672
jia	颊	671
chun	唇	671
hou	喉	670
long	咙	669
sai	腮	669
bo	脖	668
wan	腕	667
zhou	肘	667
ye	腋	666
ge	胳	665
zhang	掌	665
quan	拳	664
zhi	趾	663
huai	踝	662
tui	腿	662
xi	膝	661
kua	胯	660
tun	臀	660
ji	脊	659
xiong	胸	658
fei	肺	658
gan	肝	657
dan	胆	656
shen	肾	656
pi	脾	655
wei	胃	654
chang	肠	654
yi	胰	653
tai	胎	652
bao	胞	652
ji	肌	651
fu	肤	650
zhong	肿	650
ba	疤	649
zhi	痣	648
hen	痕	647
zhen	疹	647
dou	痘	646
fu	腑	645
bo	膊	645
luan	峦	644
feng	峰	643
ling	岭	643
ya	崖	642
xia	峡	641
cha	岔	641
qiao	峭	640
yan	岩	639
gang	岗	639
he	壑	638
yue	岳	637
yu	屿	637
yu	峪	636
qi	崎	635
qu	岖	634
e	峨	634
jun	峻	633
wei	巍	632
tao	涛	632
lan	澜	631
lang	浪	630
yong	涌	630
jian	溅	629
yi	溢	628
tang	淌	628
juan	涓	627
chan	潺	626
pai	湃	626
peng	澎	625
yang	漾	624
lian	涟	624
yi	漪	623
xiong	汹	622
zhao	沼	622
tan	潭	621
yuan	渊	620
jian	涧	619
ji	汲	619
lao	涝	618
gai	溉	617
guan	灌	617
pei	沛	616
lun	沦	615
se	涩	615
yu	淤	614
mu	沐	613
mo	沫	613
fei	沸	612
fu	浮	611
chen	沉	611
yan	淹	610
ni	溺	609
han	涵	609
xi	溪	608
jing	荆	607
ji	棘	607
teng	藤	606
lei	蕾	605
peng	蓬	604
shu	蔬	604
tai	苔	603
jun	菌	602
gu	菇	602
mo	蘑	601
lian	莲	600
ou	藕	600
suan	蒜	599
jiang	姜	598
cong	葱	598
hao	蒿	597
lu	芦	596
wei	苇	596
mang	芒	595
jiao	蕉	594
liu	榴	594
feng	枫	593
hua	桦	592
yu	榆	592
huai	槐	591
tong	桐	590
liu	柳	589
zong	棕	589
rong	榕	588
li	荔	587
xing	杏	587
tao	桃	586
li	梨	585
ju	橘	585
gan	柑	584
mei	梅	583
sang	桑	583
zao	枣	582
li	栗	581
shan	杉	581
mang	蟒	580
ma	蚂	579
yi	蚁	579
qing	蜻	578
ting	蜓	577
hu	蝴	576
die	蝶	576
zhi	蜘	575
zhu	蛛	574
wen	蚊	574
ying	蝇	573
chan	蝉	572
can	蚕	572
e	蛾	571
feng	蜂	570
mi	蜜	570
luo	螺	569
xie	蟹	568
xia	虾	568
li	鲤	567
sha	鲨	566
jing	鲸	566
e	鳄	565
gui	龟	564
wa	蛙	564
wo	蜗	563
bian	蝙	562
fu	蝠	561
ying	鹰	561
diao	雕	560
ya	鸦	559
que	鹊	559
ge	鸽	558
e	鹅	557
ya	鸭	557
he	鹤	556
ou	鸥	555
la	蜡	555
zhu	煮	554
dun	炖	553
jian	煎	553
chao	炒	552
kao	烤	551
ao	熬	551
zheng	蒸	550
yan	腌	549
ban	拌	549
duo	剁	548
pi	劈	547
ci	刺	546
chuo	戳	546
tong	捅	545
kan	砍	544
hong	烘	544
shai	晒	543
ran	燃	542
fen	焚	542
tang	烫	541
xi	熄	540
bao	爆	540
cui	摧	539
hui	毁	538
ta	塌	538
xian	陷	537
beng	崩	536
lie	裂	536
sui	碎	535
wo	握	534
hu	呼	533
xi	吸	533
tuo	托	532
zhua	抓	531
pai	拍	531
reng	扔	530
sao	扫	529
ca	擦	529
bo	拨	528
niu	扭	527
zhai	摘	527
tao	掏	526
lou	搂	525
jiao	搅	525
jian	拣	524
kang	扛	523
zhi	掷	523
bai	摆	522
peng	捧	521
si	撕	521
cuo	搓	520
rou	揉	519
nie	捏	518
tuo	拖	518
ye	掖	517
ceng	蹭	516
ta	踏	516
cai	踩	515
ti	踢	514
deng	蹬	514
pa	爬	513
gun	滚	512
pa	趴	512
dun	蹲	511
gui	跪	510
tiao	跳	510
chan	搀	509
pie	撇	508
lu	撸	508
lao	捞	507
che	扯	506
chan	缠	506
rao	绕	505
kun	捆	504
bang	绑	503
ji	挤	503
nian	捻	502
gua	刮	501
kou	抠	501
diu	丢	500
pao	抛	499
gan	擀	499
pu	扑	498
lan	拦	497
dang	挡	497
zhe	遮	496
yan	掩	495
chou	丑	495
ke	渴	494
kun	困	493
fa	乏	493
jiao	骄	492
lin	吝	491
se	啬	491
chi	痴	490
dai	呆	489
leng	愣	488
meng	懵	488
lan	懒	487
duo	惰	486
cui	脆	486
nen	嫩	485
gan	尴	484
ga	尬	484
chi	迟	483
huan	缓	482
jin	紧	482
song	松	481
wai	歪	480
xie	斜	480
tu	凸	479
ao	凹	478
chou	愁	478
nao	恼	477
hen	恨	476
yuan	怨	475
ji	嫉	475
du	妒	474
kong	恐	473
ju	惧	473
pa	怕	472
xiu	羞	471
kui	愧	471
jiu	疚	470
han	憾	469
fen	愤	469
kai	慨	468
kang	慷	467
lian	怜	467
min	悯	466
ci	慈	465
xiang	详	465
shen	慎	464
shuang	霜	463
wu	雾	463
hong	虹	462
xia	霞	461
mai	霾	460
bao	雹	460
shan	闪	459
lei	雷	458
zhen	震	458
piao	飘	457
ce	策	456
zhi	智	456
hui	慧	455
zhe	哲	454
lun	伦	454
yi	谊	453
mu	睦	452
xie	谐	452
rong	融	451
qia	洽	450
mo	默	450
qi	契	449
shu	束	448
fu	缚	448
suo	锁	447
lian	链	446
huan	环	445
kou	扣	445
niu	纽	444
lve	略	443
ge	阁	443
ting	亭	442
xuan	轩	441
lang	廊	441
yan	檐	440
zhu	柱	439
liang	梁	439
li	篱	438
ba	坝	437
tang	塘	437
gou	沟	436
qu	渠	435
jing	井	435
wo	窝	434
ku	窟	433
xue	穴	433
kan	坎	432
keng	坑	431
chan	铲	430
ju	锯	430
chui	锤	429
zhen	砧	428
mao	铆	428
luo	锣	427
gu	鼓	426
zhong	钟	426
ling	铃	425
di	笛	424
xiao	箫	424
sheng	笙	423
qin	琴	422
se	瑟	422
zheng	筝	421
xian	弦	420
gu	箍	420
tong	桶	419
pen	盆	418
die	碟	417
hu	壶	417
guan	罐	416
tan	坛	415
pao	袍	415
gua	褂	414
qun	裙	413
ku	裤	413
wa	袜	412
mao	帽	411
jin	巾	411
pi	披	410
wei	围	409
xiu	袖	409
ling	领	408
jin	襟	407
niu	钮	407
lian	帘	406
zi	紫	405
cheng	橙	405
he	褐	404
dai	黛	403
fei	绯	402
zhu	朱	402
dan	丹	401
cang	苍	400
bi	碧	400
tuo	妥	399
xie	协	398
kua	夸	398
yao	耀	397
xuan	炫	396
chan	阐	396
shi	释	395
yi	译	394
zhu	注	394
quan	诠	393
bian	辩	392
bo	驳	392
chi	斥	391
ze	责	390
bei	惫	390
juan	倦	389
pi	疲	388
xie	歇	387
tan	瘫	387
huan	痪	386
tan	摊	385
fu	赋	385
zu	租	384
chou	酬	383
lai	赖	383
zhang	账	382
pei	赔	381
ci	赐	381
zeng	赠	380
kui	馈	379
juan	捐	379
mu	募	378
chou	筹	377
qing	倾	377
xie	泄	376
lou	漏	375
di	滴	375
lin	淋	374
zi	滋	373
run	润	372
jin	浸	372
pao	泡	371
po	泼	370
sa	洒	370
zhan	蘸	369
cang	仓	368
zhan	栈	368
peng	棚	367
miao	庙	366
ci	祠	366
ta	塔	365
di	堤	364
zong	宗	364
pu	谱	363
fa	阀	362
yi	疫	362
ai	癌	361
liu	瘤	360
chuang	疮	359
yang	痒	359
bi	痹	358
tan	痰	357
sou	嗽	357
chuan	喘	356
ou	呕	355
tu	吐	355
xu	叙	354
xu	絮	353
sao	骚	353
rao	扰	352
xuan	喧	351
hou	吼	351
ma	骂	350
shi	狮	349
bao	豹	349
hu	狐	348
li	狸	347
tu	兔	347
shu	鼠	346
yuan	猿	345
hou	猴	344
lu	鹿	344
tuo	驼	343
luo	骡	342
lv	驴	342
ju	驹	341
ti	蹄	340
dao	稻	340
gao	糕	339
jiang	酱	338
cu	醋	338
zhou	粥	337
mo	馍	336
bing	饼	336
jiao	饺	335
xian	馅	334
lia	俩	334
tan	炭	333
mei	煤	332
liu	硫	332
lin	磷	331
yang	氧	330
qing	氢	329
dan	氮	329
xiao	硝	328
gui	硅	327
gai	钙	327
jia	钾	326
na	钠	325
xin	锌	325
tong	铜	324
xi	锡	323
pan	畔	323
yan	沿	322
zhuo	酌	321
cai	裁	321
duo	夺	320
jie	劫	319
mu	慕	319
xian	羡	318
kua	跨	317
yue	跃	317
xiang	翔	316
xiang	祥	315
rui	瑞	314
yong	庸	314
ya	雅	313
su	肃	312
mu	穆	312
su	粟	311
ti	屉	310
chou	绸	310
duan	缎	309
rong	绒	308
sha	纱	308
zhang	樟	307
nan	楠	306
tan	檀	306
tian	舔	305
ken	啃	304
shi	舐	304
diao	叼	303
xian	衔	302
hao	嚎	301
pao	咆	301
xiao	哮	300
si	嘶	299
ming	鸣	299
ti	啼	298
hong	轰	297
long	隆	297
pa	啪	296
dong	咚	295
ai	矮	295
zhen	枕	294
ru	褥	293
tan	毯	293
deng	凳	292
gui	柜	291
chu	橱	291
guo	锅	290
zao	灶	289
piao	瓢	289
shao	勺	288
li	犁	287
chu	锄	286
lian	镰	286
cha	叉	285
zhou	舟	284
jian	舰	284
ting	艇	283
bo	舶	282
fan	帆	282
jiang	桨	281
duo	舵	280
cang	舱	280
xian	舷	279
dun	盾	278
mao	矛	278
ji	戟	277
nu	弩	276
jian	箭	276
jia	甲	275
kui	盔	274
yun	韵	274
lv	律	273
su	塑	272
hui	绘	271
miao	描	271
mo	摹	270
mo	墨	269
yan	砚	269
jian	笺	268
fu	符	267
xi	玺	267
miao	苗	266
jing	茎	265
rui	蕊	265
e	萼	264
ban	瓣	263
po	坡	263
mo	漠	262
zhou	洲	261
jiao	礁	261
tan	滩	260
wan	湾	259
cui	粹	258
han	函	258
tao	韬	257
xia	辖	256
li	隶	256
pin	聘	255
ke	苛	254
e	扼	254
zhi	滞	253
ni	腻	252
zhi	窒	252
e	遏	251
suo	索	250
chang	偿	250
pan	盼	249
dao	悼	248
mian	缅	248
mei	寐	247
yi	毅	246
han	悍	246
biao	彪	245
zong	踪	244
ji	迹	243
pan	攀	243
chuai	踹	242
qie	窃	241
yun	孕	241
ru	乳	240
bu	哺	239
tun	屯	239
cong	匆	238
cu	促	237
jin	谨	237
can	灿	236
shuo	烁	235
yi	熠	235
ying	莹	234
fu	抚	233
wei	慰	233
fu	拂	232
shi	拭	231
shuan	拴	231
xiao	霄	230
shuan	闩	229
xiao	销	228
shuan	栓	228
geng	羹	227
lu	卤	226
xun	熏	226
zao	糟	225
niang	酿	224
chi	翅	224
lin	鳞	223
qi	鳍	222
sang	嗓	222
yin	龈	221
e	腭	220
xu	须	220
deng	瞪	219
miao	瞄	218
zha	眨	218
kui	窥	217
chou	瞅	216
qia	掐	216
jiu	揪	215
zhu	珠	214
fei	翡	213
cui	翠	213
hu	琥	212
po	珀	211
shan	珊	211
hu	瑚	210
ma	玛	209
nao	瑙	209
xi	曦	208
mu	暮	207
shu	曙	207
xia	暇	206
kuang	旷	205
song	颂	205
yi	抑	204
zhi	挚	203
ce	厕	203
chu	厨	202
jian	贱	201
lian	廉	200
kuo	阔	200
she	奢	199
chi	侈	198
dan	掸	198
bai	掰	197
bao	煲	196
zha	闸	196
kang	炕	195
xiu	锈	194
diao	凋	194
wei	萎	193
ao	懊	192
chou	惆	192
chang	怅	191
fen	忿	190
liao	缭	190
gong	巩	189
jie	竭	188
he	涸	188
xia	匣	187
kuang	筐	186
lou	篓	185
bing	禀	185
feng	俸	184
lu	禄	183
cai	睬	183
yu	浴	182
sao	搔	181
nao	挠	181
hun	魂	180
po	魄	179
yao	妖	179
mei	魅	178
xian	掀	177
tang	趟	177
beng	蹦	176
cuan	蹿	175
huo	惑	175
cha	诧	174
hai	骇	173
bang	邦	173
jun	郡	172
mu	墓	171
bei	碑	170
fen	坟	170
zhong	冢	169
liang	晾	168
guang	逛	168
qiang	腔	167
tang	膛	166
nang	囊	166
fei	吠	165
chi	炽	164
lou	镂	164
yu	盂	163
yong	蛹	162
jian	茧	162
zhu	蛀	161
ti	涕	160
tuo	唾	160
xian	涎	159
nong	脓	158
hun	浑	158
che	澈	157
dun	钝	156
rui	锐	155
gang	缸	155
weng	瓮	154
bo	钵	153
lv	虑	153
nv	女	152
lv	滤	151
nve	虐	151
lve	掠	150
hang	行	360
xing	行	210
chong	重	360
zhong	重	210
chang	长	360
zhang	长	210
le	乐	360
yue	乐	210
le	了	360
liao	了	210
zhe	着	360
zhao	着	210
zhuo	着	120
de	的	360
di	的	210
de	地	360
di	地	210
de	得	360
dei	得	210
he	和	360
huo	和	210
han	和	120
hai	还	360
huan	还	210
mei	没	360
mo	没	210
cha	差	360
chai	差	210
ci	差	120
shu	数	360
cu	数	210
bian	便	360
pian	便	210
diao	调	360
tiao	调	210
chao	朝	360
zhao	朝	210
luo	落	360
lao	落	210
la	落	120
jiao	角	360
jue	角	210
jue	觉	360
jiao	觉	210
xue	血	360
xie	血	210
xiao	削	360
xue	削	210
bao	薄	360
bo	薄	210
ba	扒	360
pa	扒	210
cang	藏	360
zang	藏	210
ceng	曾	360
zeng	曾	210
cheng	称	360
chen	称	210
sheng	盛	360
cheng	盛	210
qi	奇	360
ji	奇	210
xi	系	360
ji	系	210
lv	率	360
shuai	率	210
dan	弹	360
tan	弹	210
can	参	360
shen	参	210
cen	参	120
ke	壳	360
qiao	壳	210
pi	辟	360
bi	辟	210
bo	泊	360
po	泊	210
chu	畜	360
xu	畜	210
e	恶	360
wu	恶	210
zhua	爪	360
zhao	爪	210
chou	臭	360
xiu	臭	210
su	宿	360
xiu	宿	210
shu	熟	360
shou	熟	210
sai	塞	360
se	塞	210
sheng	省	360
xing	省	210
shuo	说	360
shui	说	210
bian	扁	360
pian	扁	210
bao	剥	360
bo	剥	210
bao	堡	360
bu	堡	210
pu	堡	120
bi	臂	360
bei	臂	210
ping	屏	360
bing	屏	210
bo	伯	360
bai	伯	210
bu	簿	360
bo	簿	210
chan	颤	360
zhan	颤	210
che	车	360
ju	车	210
cheng	乘	360
sheng	乘	210
cheng	澄	360
deng	澄	210
chi	匙	360
shi	匙	210
cha	刹	360
sha	刹	210
zha	喳	360
cha	喳	210
zha	扎	360
za	扎	210
ze	择	360
zhai	择	210
ya	轧	360
zha	轧	210
ga	轧	120
zhan	粘	360
nian	粘	210
zhe	折	360
she	折	210
bai	柏	360
bo	柏	210
ti	提	360
di	提	210
dou	都	360
du	都	210
du	读	360
dou	读	210
du	度	360
duo	度	210
fou	否	360
pi	否	210
jing	颈	360
geng	颈	210
hong	红	360
gong	红	210
hui	会	360
kuai	会	210
jia	夹	360
ga	夹	210
jiang	降	360
xiang	降	210
jiao	脚	360
jue	脚	210
jiao	剿	360
chao	剿	210
xiao	校	360
jiao	校	210
jie	解	360
xie	解	210
jin	劲	360
jing	劲	210
ka	咖	360
ga	咖	210
ka	卡	360
qia	卡	210
lu	露	360
lou	露	210
lv	绿	360
lu	绿	210
luo	络	360
lao	络	210
mo	抹	360
ma	抹	210
mai	埋	360
man	埋	210
mai	脉	360
mo	脉	210
man	蔓	360
wan	蔓	210
mang	氓	360
meng	氓	210
mi	秘	360
bi	秘	210
mi	泌	360
bi	泌	210
miao	缪	360
mou	缪	210
miu	缪	120
mo	模	360
mu	模	210
na	那	360
nei	那	210
niao	尿	360
sui	尿	210
nong	弄	360
long	弄	210
nve	疟	360
yao	疟	210
pang	胖	360
pan	胖	210
pao	刨	360
bao	刨	210
pu	朴	360
piao	朴	210
po	朴	120
pu	埔	360
bu	埔	210
qi	骑	360
ji	骑	210
ji	稽	360
qi	稽	210
xian	纤	360
qian	纤	210
qiang	强	360
jiang	强	210
qin	亲	360
qing	亲	210
quan	圈	360
juan	圈	210
que	雀	360
qiao	雀	210
se	色	360
shai	色	210
sha	厦	360
xia	厦	210
shang	裳	360
chang	裳	210
shen	什	360
shi	什	210
shi	识	360
zhi	识	210
si	似	360
shi	似	210
suo	缩	360
su	缩	210
tui	褪	360
tun	褪	210
wan	莞	360
guan	莞	210
wei	尉	360
yu	尉	210
xia	吓	360
he	吓	210
xiang	巷	360
hang	巷	210
xie	邪	360
ye	邪	210
yan	咽	360
ye	咽	210
yin	殷	360
yan	殷	210
yao	钥	360
yue	钥	210
yi	遗	360
wei	遗	210
yu	吁	360
xu	吁	210
yun	熨	360
yu	熨	210
za	咋	360
zha	咋	210
ze	咋	120
zha	栅	360
shan	栅	210
zhan	辗	360
nian	辗	210
zhao	召	360
shao	召	210
zhi	吱	360
zi	吱	210
zhuai	拽	360
ye	拽	210
zhuan	赚	360
zuan	赚	210
chuang	幢	360
zhuang	幢	210
zhuo	琢	360
zuo	琢	210
zi	仔	360
zai	仔	210
zong	综	360
zeng	综	210
shu	属	360
zhu	属	210
tuo	拓	360
ta	拓	210
chuan	传	360
zhuan	传	210
fo	佛	360
fu	佛	210
fu	脯	360
pu	脯	210
jie	芥	360
gai	芥	210
ka	咯	360
lo	咯	210
ge	咯	120
ke	咳	360
hai	咳	210
da	大	360
dai	大	210
gei	给	360
ji	给	210
jian	见	360
xian	见	210
nihao	你好	1000
ninhao	您好	700
xiexie	谢谢	950
zaijian	再见	900
duibuqi	对不起	800
bukeqi	不客气	600
meiguanxi	没关系	600
qingwen	请问	700
huanying	欢迎	650
zaoshanghao	早上好	500
wanshanghao	晚上好	450
wanan	晚安	500
buhaoyisi	不好意思	500
baituo	拜托	300
gongxi	恭喜	350
xinku	辛苦	350
women	我们	950
nimen	你们	800
tamen	他们	850
tamen	她们	400
tamen	它们	300
ziji	自己	800
dajia	大家	700
bieren	别人	600
shenme	什么	950
zenme	怎么	900
weishenme	为什么	850
nali	哪里	700
nar	哪儿	500
zheli	这里	750
nali	那里	700
zher	这儿	500
nar	那儿	480
zhege	这个	900
nage	那个	850
zhexie	这些	700
naxie	那些	650
zenmeyang	怎么样	700
duoshao	多少	800
qita	其他	500
qizhong	其中	450
renhe	任何	400
suoyou	所有	500
meige	每个	500
yiqie	一切	400
biede	别的	400
youxie	有些	400
yige	一个	900
liangge	两个	800
jige	几个	600
diyi	第一	750
dier	第二	600
yidian	一点	700
yixie	一些	750
yiqi	一起	800
yiyang	一样	750
yizhi	一直	700
yiding	一定	750
bange	半个	300
quanbu	全部	400
dabufen	大部分	300
yibufen	一部分	300
xuduo	许多	400
bushao	不少	350
daliang	大量	300
shuzi	数字	350
haoma	号码	350
baifenzhi	百分之	200
xianzai	现在	900
jintian	今天	900
mingtian	明天	850
zuotian	昨天	800
houtian	后天	400
qiantian	前天	350
zaoshang	早上	700
shangwu	上午	600
zhongwu	中午	650
xiawu	下午	700
wanshang	晚上	750
jinnian	今年	700
mingnian	明年	600
qunian	去年	650
jinwan	今晚	400
xiaoshi	小时	700
fenzhong	分钟	650
shihou	时候	800
shijian	时间	850
xingqi	星期	600
xingqiyi	星期一	400
xingqitian	星期天	350
zhoumo	周末	550
libai	礼拜	250
yuefen	月份	300
yiqian	以前	700
yihou	以后	750
zuijin	最近	600
gangcai	刚才	450
mashang	马上	550
yijing	已经	750
zhengzai	正在	600
yihuir	一会儿	450
pingshi	平时	350
dangshi	当时	400
meitian	每天	700
banye	半夜	250
lingchen	凌晨	250
zaochen	早晨	300
yewan	夜晚	300
baitian	白天	400
huanghun	黄昏	200
baba	爸爸	850
mama	妈妈	900
yeye	爷爷	500
nainai	奶奶	500
gege	哥哥	600
jiejie	姐姐	600
didi	弟弟	550
meimei	妹妹	550
erzi	儿子	600
nver	女儿	600
haizi	孩子	700
fumu	父母	600
fuqin	父亲	550
muqin	母亲	550
jiaren	家人	500
qinqi	亲戚	350
shushu	叔叔	400
ayi	阿姨	450
jiujiu	舅舅	250
gugu	姑姑	200
biaoge	表哥	200
laogong	老公	400
laopo	老婆	400
zhangfu	丈夫	400
qizi	妻子	400
fuqi	夫妻	250
xiongdi	兄弟	400
jiemei	姐妹	300
sunzi	孙子	250
shuangbaotai	双胞胎	150
pengyou	朋友	850
nvpengyou	女朋友	400
nanpengyou	男朋友	400
tongxue	同学	600
tongshi	同事	550
laoshi	老师	800
xuesheng	学生	750
yisheng	医生	650
hushi	护士	350
jingcha	警察	450
siji	司机	350
laoban	老板	500
jingli	经理	400
keren	客人	400
linju	邻居	300
moshengren	陌生人	200
nanren	男人	650
nvren	女人	650
nanhai	男孩	450
nvhai	女孩	450
daren	大人	300
xiaohai	小孩	500
yinger	婴儿	250
nianqingren	年轻人	300
laoren	老人	400
gongren	工人	300
nongmin	农民	300
junren	军人	250
zuojia	作家	300
huajia	画家	250
geshou	歌手	300
yanyuan	演员	350
yundongyuan	运动员	300
kexuejia	科学家	300
gongchengshi	工程师	300
lvshi	律师	300
kuaiji	会计	250
mishu	秘书	250
fuwuyuan	服务员	350
chushi	厨师	300
xiaozhang	校长	250
jiaoshou	教授	300
boshi	博士	300
shuoshi	硕士	250
zhuanjia	专家	300
zhongguoren	中国人	500
meiguoren	美国人	350
waiguoren	外国人	400
ribenren	日本人	300
zhongguo	中国	900
meiguo	美国	800
riben	日本	700
hanguo	韩国	600
yingguo	英国	550
faguo	法国	500
deguo	德国	500
eluosi	俄罗斯	400
yindu	印度	400
jianada	加拿大	350
aodaliya	澳大利亚	300
xibanya	西班牙	250
yidali	意大利	300
baxi	巴西	250
taiguo	泰国	300
yuenan	越南	250
xinjiapo	新加坡	300
xianggang	香港	500
taiwan	台湾	500
beijing	北京	600
shanghai	上海	550
guangzhou	广州	400
shenzhen	深圳	400
waiguo	外国	450
xuexiao	学校	700
yiyuan	医院	650
shangdian	商店	600
chaoshi	超市	600
shichang	市场	450
fandian	饭店	450
canting	餐厅	500
jiudian	酒店	450
binguan	宾馆	300
jichang	机场	500
chezhan	车站	500
huochezhan	火车站	400
gongsi	公司	700
yinhang	银行	550
youju	邮局	300
tushuguan	图书馆	400
gongyuan	公园	500
dianyingyuan	电影院	350
bowuguan	博物馆	300
jiaoshi	教室	400
bangongshi	办公室	450
cesuo	厕所	400
xishoujian	洗手间	350
weishengjian	卫生间	350
chufang	厨房	400
woshi	卧室	300
keting	客厅	350
fangjian	房间	550
jiali	家里	600
lushang	路上	500
fujin	附近	500
duimian	对面	350
pangbian	旁边	500
zhongjian	中间	500
waimian	外面	500
limian	里面	550
shangmian	上面	500
xiamian	下面	500
qianmian	前面	550
houmian	后面	550
zuobian	左边	500
youbian	右边	500
beifang	北方	350
nanfang	南方	350
difang	地方	600
chengshi	城市	550
nongcun	农村	300
shijie	世界	600
guojia	国家	550
ditie	地铁	500
jiedao	街道	350
malu	马路	350
guangchang	广场	300
gonglu	公路	250
menkou	门口	350
louti	楼梯	250
dianti	电梯	350
mifan	米饭	600
miantiao	面条	500
baozi	包子	400
jiaozi	饺子	500
mantou	馒头	300
mianbao	面包	500
jidan	鸡蛋	500
niunai	牛奶	550
doujiang	豆浆	250
kafei	咖啡	550
chaye	茶叶	300
pijiu	啤酒	400
hongjiu	红酒	250
guozhi	果汁	350
kele	可乐	400
kaishui	开水	300
reshui	热水	300
zhurou	猪肉	400
niurou	牛肉	450
jirou	鸡肉	400
yangrou	羊肉	350
yurou	鱼肉	250
shucai	蔬菜	450
shuiguo	水果	550
pingguo	苹果	550
xiangjiao	香蕉	450
xigua	西瓜	400
putao	葡萄	350
chengzi	橙子	300
caomei	草莓	300
xihongshi	西红柿	250
tudou	土豆	350
baicai	白菜	300
doufu	豆腐	350
lajiao	辣椒	300
qiaokeli	巧克力	350
bingqilin	冰淇淋	300
dangao	蛋糕	400
binggan	饼干	300
tangguo	糖果	250
lingshi	零食	300
zaocan	早餐	400
wucan	午餐	350
wancan	晚餐	400
zaofan	早饭	400
wufan	午饭	400
wanfan	晚饭	450
dianxin	点心	300
huoguo	火锅	350
chaofan	炒饭	300
weidao	味道	400
jiangyou	酱油	250
yanse	颜色	450
hongse	红色	400
huangse	黄色	350
lanse	蓝色	350
lvse	绿色	400
baise	白色	400
heise	黑色	400
huise	灰色	300
zise	紫色	300
fense	粉色	250
chengse	橙色	250
zongse	棕色	200
shenti	身体	550
toufa	头发	400
yanjing	眼睛	500
bizi	鼻子	400
zuiba	嘴巴	400
erduo	耳朵	400
yachi	牙齿	350
bozi	脖子	300
jianbang	肩膀	250
shouzhi	手指	300
gebo	胳膊	250
duzi	肚子	350
pifu	皮肤	300
xinzang	心脏	300
shengbing	生病	450
ganmao	感冒	400
fashao	发烧	350
kesou	咳嗽	300
touteng	头疼	350
toutong	头痛	300
tengtong	疼痛	250
shoushang	受伤	300
zhuyuan	住院	250
kanbing	看病	350
chiyao	吃药	350
dazhen	打针	250
tijian	体检	200
huifu	恢复	300
jiankang	健康	450
tianqi	天气	550
qingtian	晴天	350
yintian	阴天	300
xiayu	下雨	500
xiaxue	下雪	400
guafeng	刮风	300
dalei	打雷	250
taiyang	太阳	500
yueliang	月亮	450
xingxing	星星	400
tiankong	天空	400
yuncai	云彩	250
caihong	彩虹	250
wendu	温度	350
qiwen	气温	300
kongqi	空气	400
haiyang	海洋	300
dahai	大海	350
heliu	河流	250
senlin	森林	300
shitou	石头	350
tudi	土地	300
dongwu	动物	450
zhiwu	植物	350
xiaogou	小狗	400
xiaomao	小猫	400
laohu	老虎	350
shizi	狮子	300
daxiang	大象	300
xiongmao	熊猫	350
tuzi	兔子	300
laoshu	老鼠	300
houzi	猴子	300
xiaoniao	小鸟	350
hudie	蝴蝶	250
mifeng	蜜蜂	200
wenzi	蚊子	250
jinyu	金鱼	200
wugui	乌龟	250
diannao	电脑	650
shouji	手机	750
dianshi	电视	600
bingxiang	冰箱	400
xiyiji	洗衣机	350
kongtiao	空调	400
diandeng	电灯	250
dianhua	电话	550
xiangji	相机	350
zhaoxiangji	照相机	250
qianbao	钱包	350
yusan	雨伞	300
yanjing	眼镜	350
shoubiao	手表	300
maozi	帽子	350
yifu	衣服	600
kuzi	裤子	400
qunzi	裙子	350
xiezi	鞋子	450
wazi	袜子	300
waitao	外套	300
maoyi	毛衣	300
chenshan	衬衫	250
shubao	书包	300
zhuozi	桌子	450
yizi	椅子	450
shafa	沙发	300
zhentou	枕头	250
beizi	被子	250
jingzi	镜子	300
beizi	杯子	400
panzi	盘子	300
kuaizi	筷子	350
shaozi	勺子	250
pingzi	瓶子	300
xiangzi	箱子	300
daizi	袋子	250
yaoshi	钥匙	300
chuanghu	窗户	350
qiangbi	墙壁	200
diban	地板	250
baozhi	报纸	350
zazhi	杂志	300
bijiben	笔记本	300
qianbi	铅笔	300
xiangpi	橡皮	200
benzi	本子	250
keben	课本	300
cidian	词典	300
zidian	字典	300
heiban	黑板	250
ditu	地图	350
yuxie	雨鞋	120
qiche	汽车	550
huoche	火车	450
feiji	飞机	500
zixingche	自行车	400
motuoche	摩托车	250
gongjiaoche	公交车	350
chuzuche	出租车	350
lunchuan	轮船	200
huzhao	护照	300
qianzheng	签证	250
xingli	行李	350
chepiao	车票	300
jipiao	机票	350
zuowei	座位	350
shangxue	上学	450
fangxue	放学	350
kaoshi	考试	500
chengji	成绩	400
zuoye	作业	450
lianxi	练习	400
fuxi	复习	350
yuxi	预习	200
biye	毕业	400
daxue	大学	550
zhongxue	中学	350
xiaoxue	小学	350
youeryuan	幼儿园	250
kecheng	课程	350
zhuanye	专业	400
zhishi	知识	450
wenhua	文化	450
lishi	历史	450
shuxue	数学	400
yuwen	语文	300
yingyu	英语	450
hanyu	汉语	400
zhongwen	中文	450
waiyu	外语	250
wuli	物理	300
huaxue	化学	300
shengwu	生物	300
dili	地理	300
kexue	科学	400
yishu	艺术	350
yinyue	音乐	450
tiyu	体育	350
meishu	美术	250
gongzuo	工作	800
xuexi	学习	750
shangke	上课	500
xiake	下课	350
shangban	上班	550
xiaban	下班	500
xiuxi	休息	550
gongzi	工资	400
jiangjin	奖金	250
shouru	收入	350
jiage	价格	400
jiaqian	价钱	300
xianjin	现金	300
lingqian	零钱	250
xinyongka	信用卡	300
cunkuan	存款	200
zhanghu	账户	250
mima	密码	350
fapiao	发票	250
yusuan	预算	250
touzi	投资	300
shengyi	生意	350
chanpin	产品	400
zhiliang	质量	400
fuwu	服务	450
guanggao	广告	350
pinpai	品牌	300
guke	顾客	300
xiaofei	消费	300
jingji	经济	450
jinrong	金融	300
dazhe	打折	300
youhui	优惠	300
goumai	购买	300
xihuan	喜欢	850
zhidao	知道	850
juede	觉得	750
renwei	认为	550
xiwang	希望	650
xuyao	需要	750
yinggai	应该	700
keyi	可以	850
nenggou	能够	400
xiangyao	想要	500
jueding	决定	550
zhunbei	准备	600
kaishi	开始	750
jieshu	结束	500
jixu	继续	450
wancheng	完成	500
nuli	努力	500
bangzhu	帮助	600
bangmang	帮忙	500
shuijiao	睡觉	600
qichuang	起床	500
xizao	洗澡	400
shuaya	刷牙	300
duanlian	锻炼	350
paobu	跑步	400
sanbu	散步	300
yundong	运动	500
youyong	游泳	400
pashan	爬山	300
lvyou	旅游	500
lvxing	旅行	450
chufa	出发	400
daoda	到达	350
huijia	回家	600
chumen	出门	400
guangjie	逛街	300
gouwu	购物	350
maidongxi	买东西	400
fuqian	付钱	300
huaqian	花钱	350
zhuanqian	赚钱	350
jieqian	借钱	250
kaiche	开车	500
zuoche	坐车	400
zoulu	走路	400
qiche	骑车	250
dache	打车	350
paidui	排队	300
shuohua	说话	550
liaotian	聊天	500
jianghua	讲话	300
gaosu	告诉	600
huida	回答	450
jiejue	解决	450
taolun	讨论	400
shangliang	商量	300
jieshao	介绍	450
renshi	认识	600
jianmian	见面	450
yuehui	约会	300
canjia	参加	450
qingzhu	庆祝	250
biaoshi	表示	350
biaoda	表达	350
faxian	发现	550
chuxian	出现	500
fasheng	发生	500
gaibian	改变	450
tigao	提高	450
zengjia	增加	400
jianshao	减少	400
zengzhang	增长	350
xiajiang	下降	300
yingxiang	影响	500
shiyong	使用	550
liyong	利用	350
tigong	提供	400
huode	获得	400
dedao	得到	450
shiqu	失去	350
baohu	保护	400
zhichi	支持	450
fandui	反对	400
tongyi	同意	500
jujue	拒绝	400
jieshou	接受	400
xiangxin	相信	500
huaiyi	怀疑	300
danxin	担心	450
haipa	害怕	400
shengqi	生气	450
houhui	后悔	300
ganxie	感谢	400
piping	批评	300
guli	鼓励	300
anwei	安慰	250
zhaogu	照顾	350
guanxin	关心	400
zunzhong	尊重	300
lijie	理解	450
mingbai	明白	550
liaojie	了解	500
shuxi	熟悉	350
jide	记得	500
wangji	忘记	450
jizhu	记住	350
tixing	提醒	350
tongzhi	通知	400
jianyi	建议	400
yaoqiu	要求	450
jinzhi	禁止	250
yunxu	允许	300
fazhan	发展	500
jinxing	进行	500
chuli	处理	400
anpai	安排	400
jihua	计划	450
guanli	管理	450
kongzhi	控制	400
canguan	参观	300
fangwen	访问	300
jiancha	检查	400
diaocha	调查	350
yanjiu	研究	500
kaolv	考虑	400
bijiao	比较	500
xuanze	选择	500
qubie	区别	300
baokuo	包括	350
shuyu	属于	300
daibiao	代表	350
chengwei	成为	400
biancheng	变成	400
kanjian	看见	500
tingjian	听见	400
kandao	看到	550
tingdao	听到	500
yudao	遇到	450
pengdao	碰到	300
zhaodao	找到	450
gandao	感到	400
ganjue	感觉	500
fangxia	放下	350
dakai	打开	500
guanshang	关上	300
guanbi	关闭	300
chifan	吃饭	700
heshui	喝水	500
zuofan	做饭	450
diancai	点菜	350
dasao	打扫	300
shoushi	收拾	300
zhengli	整理	350
changge	唱歌	400
tiaowu	跳舞	400
huahua	画画	350
dushu	读书	450
kanshu	看书	450
paizhao	拍照	350
diaoyu	钓鱼	250
kandianying	看电影	450
tingyinyue	听音乐	400
wanyouxi	玩游戏	400
dadianhua	打电话	500
jiedianhua	接电话	350
xiexin	写信	250
rangkai	让开	150
kaihui	开会	350
shangbanzu	上班族	150
piaoliang	漂亮	600
haokan	好看	500
meili	美丽	400
keai	可爱	450
shuaiqi	帅气	250
nankan	难看	300
gaoxing	高兴	600
kaixin	开心	550
kuaile	快乐	550
xingfu	幸福	450
nanguo	难过	450
shangxin	伤心	400
tongku	痛苦	350
wuliao	无聊	400
youqu	有趣	400
youyisi	有意思	450
qiguai	奇怪	400
mafan	麻烦	400
rongyi	容易	550
jiandan	简单	550
fuza	复杂	450
kunnan	困难	450
fangbian	方便	500
pianyi	便宜	450
zhongyao	重要	550
zhuyao	主要	450
tebie	特别	550
teshu	特殊	300
putong	普通	400
yiban	一般	500
zhengchang	正常	400
anquan	安全	450
weixian	危险	400
ganjing	干净	450
zhengqi	整齐	250
xinxian	新鲜	350
shufu	舒服	500
shushi	舒适	250
wennuan	温暖	350
liangkuai	凉快	300
nuanhuo	暖和	300
hanleng	寒冷	300
yanre	炎热	250
anjing	安静	400
renao	热闹	350
manglu	忙碌	250
congming	聪明	450
renzhen	认真	450
zixi	仔细	350
mahu	马虎	200
chengshi	诚实	300
shanliang	善良	300
yonggan	勇敢	300
jiaoao	骄傲	300
qianxu	谦虚	250
zixin	自信	350
haixiu	害羞	250
jinzhang	紧张	400
fangsong	放松	350
jidong	激动	350
xingfen	兴奋	350
zhaoji	着急	350
manyi	满意	400
shiwang	失望	350
kepa	可怕	350
lihai	厉害	400
youxiu	优秀	350
chuse	出色	250
chenggong	成功	500
shibai	失败	400
zhengque	正确	400
cuowu	错误	400
zhenshi	真实	300
mianfei	免费	400
fuyou	富有	250
pinqiong	贫穷	250
nianqing	年轻	400
gulao	古老	250
xiandai	现代	400
chuantong	传统	400
liuxing	流行	350
qingchu	清楚	500
zhende	真的	600
keneng	可能	700
bixu	必须	500
kending	肯定	450
queshi	确实	400
dangran	当然	550
qishi	其实	500
taoyan	讨厌	400
xianmu	羡慕	250
gandong	感动	350
jingya	惊讶	250
manzu	满足	300
wenti	问题	700
banfa	办法	450
fangfa	方法	500
fangshi	方式	400
yuanyin	原因	450
jieguo	结果	500
qingkuang	情况	500
tiaojian	条件	400
jihui	机会	500
nengli	能力	450
jingyan	经验	400
xiguan	习惯	450
xingge	性格	350
taidu	态度	400
yangzi	样子	400
tedian	特点	350
youdian	优点	350
quedian	缺点	350
guanxi	关系	500
ganqing	感情	400
aiqing	爱情	400
youqing	友情	250
xinqing	心情	400
qingxu	情绪	350
yali	压力	400
zeren	责任	400
renwu	任务	400
mubiao	目标	400
lixiang	理想	350
mengxiang	梦想	400
zhuyi	主意	300
xiangfa	想法	400
yijian	意见	400
guandian	观点	350
daoli	道理	350
yisi	意思	550
yiyi	意义	350
jiazhi	价值	350
zuoyong	作用	400
xiaoguo	效果	400
neirong	内容	400
guocheng	过程	400
jieduan	阶段	300
bufen	部分	450
fangmian	方面	450
jiaodu	角度	300
biaozhun	标准	350
guize	规则	350
zhidu	制度	300
zhengce	政策	350
falv	法律	400
quanli	权利	300
yiwu	义务	250
ziyou	自由	400
heping	和平	350
zhanzheng	战争	350
shehui	社会	500
zhengfu	政府	400
renmin	人民	400
gongmin	公民	250
qunzhong	群众	250
tuandui	团队	350
jiti	集体	250
geren	个人	400
minzu	民族	300
renlei	人类	350
shengming	生命	400
shenghuo	生活	600
rizi	日子	400
weilai	未来	450
guoqu	过去	500
jianglai	将来	350
mingyun	命运	300
shengyin	声音	450
biaoqing	表情	300
dongzuo	动作	300
mingzi	名字	550
nianling	年龄	350
wangluo	网络	450
wangzhan	网站	350
wangshang	网上	400
shangwang	上网	400
youjian	邮件	350
duanxin	短信	300
xiaoxi	消息	450
xinwen	新闻	450
xinxi	信息	450
shuju	数据	400
wenjian	文件	400
zhaopian	照片	450
shipin	视频	400
youxi	游戏	450
ruanjian	软件	350
chengxu	程序	350
zhanghao	账号	300
yonghu	用户	350
xitong	系统	400
gongneng	功能	350
shebei	设备	300
pingmu	屏幕	300
dianchi	电池	300
chongdian	充电	350
xinhao	信号	300
liuliang	流量	250
danshi	但是	700
keshi	可是	550
buguo	不过	550
yinwei	因为	700
suoyi	所以	700
ruguo	如果	650
suiran	虽然	550
ranhou	然后	650
erqie	而且	550
lingwai	另外	400
biru	比如	450
liru	例如	300
zhishi	只是	500
jiushi	就是	550
haishi	还是	550
yexu	也许	400
dagai	大概	400
huozhe	或者	550
zhijian	之间	400
zhiqian	之前	400
zhihou	之后	450
guanyu	关于	450
duiyu	对于	400
genju	根据	400
tongguo	通过	450
anzhao	按照	300
chule	除了	450
shenzhi	甚至	400
youqi	尤其	350
zongshi	总是	500
jingchang	经常	500
changchang	常常	400
youshi	有时	400
ouer	偶尔	300
conglai	从来	350
zhongyu	终于	400
jianjian	渐渐	300
turan	突然	450
huran	忽然	300
like	立刻	300
ganjin	赶紧	300
benlai	本来	350
yuanlai	原来	450
houlai	后来	500
qilai	起来	500
xiaqu	下去	400
chulai	出来	500
jinqu	进去	400
guolai	过来	450
huilai	回来	500
dongxi	东西	550
dongbian	东边	300
xibian	西边	300
gongli	公里	300
gongjin	公斤	300
shuliang	数量	350
zhongliang	重量	250
changdu	长度	250
gaodu	高度	300
kuandu	宽度	200
sudu	速度	400
chunjie	春节	400
zhongqiujie	中秋节	250
guoqingjie	国庆节	250
shengri	生日	550
jieri	节日	350
jiaqi	假期	350
hanjia	寒假	250
shujia	暑假	300
chuntian	春天	400
xiatian	夏天	400
qiutian	秋天	400
dongtian	冬天	400
jijie	季节	300
bisai	比赛	400
biaoyan	表演	300
jiemu	节目	300
dianying	电影	500
dianshiju	电视剧	350
xiaoshuo	小说	400
gushi	故事	500
shide	是的	400
bushi	不是	600
meiyou	没有	800
chengqiang	城墙	200
laji	垃圾	300
damen	大门	250
